<Announcements>
  <Announcement>
    <EntryID></EntryID>
    <Active>true</Active>
    <CreateTime>2012-07-13T09:50:08</CreateTime>
    <ExpirationTime></ExpirationTime>
    <DisplayOrder>0</DisplayOrder>
    <Header1>Microsoft Announces Non-Cash Accounting Charge</Header1>
    <Header2></Header2>
    <Header3></Header3>
    <CheckToEdit>true</CheckToEdit>
    <DateTime>
      <UTC>0001-01-01T00:00:00</UTC>
      <Local>2012-07-02T13:55:16</Local>
      <TimeZone></TimeZone>
    </DateTime>
    <Links>
      <Link>
        <Text>Read the Press Release</Text>
        <Icon>http://www.microsoft.com/global/investor/PublishingImages/ICON/ICON_Word.png</Icon>
        <URL OpenMode="_blank">http://www.microsoft.com/en-us/news/Press/2012/Jul12/07-02CorpNewsPR.aspx</URL>
      </Link>
    </Links>
  </Announcement>
  <Announcement>
    <EntryID>edc69663-6cd1-418b-ab96-3fac5718911d</EntryID>
    <Active>true</Active>
    <CreateTime>2012-06-25T11:06:42</CreateTime>
    <ExpirationTime></ExpirationTime>
    <DisplayOrder>0</DisplayOrder>
    <Header1>Microsoft to Acquire Yammer</Header1>
    <Header2></Header2>
    <Header3></Header3>
    <CheckToEdit>true</CheckToEdit>
    <DateTime>
      <UTC>0001-01-01T00:00:00</UTC>
      <Local>2012-06-25T11:06:42</Local>
      <TimeZone></TimeZone>
    </DateTime>
    <Links>
      <Link>
        <Text>Read the Press Release</Text>
        <Icon>http://www.microsoft.com/global/investor/PublishingImages/ICON/ICON_Word.png</Icon>
        <URL OpenMode="_blank">http://www.microsoft.com/en-us/news/Press/2012/Jun12/06-25MSYammerPR.aspx</URL>
      </Link>
    </Links>
  </Announcement>
  <Announcement>
    <EntryID>817dff48-0f8d-49fc-ade0-a2df8a26dba5</EntryID>
    <Active>true</Active>
    <CreateTime>2012-06-19T15:30:14</CreateTime>
    <ExpirationTime></ExpirationTime>
    <DisplayOrder>0</DisplayOrder>
    <Header1>Microsoft Holds Windows Phone Summit</Header1>
    <Header2></Header2>
    <Header3></Header3>
    <CheckToEdit>true</CheckToEdit>
    <DateTime>
      <UTC>0001-01-01T00:00:00</UTC>
      <Local>2012-06-19T15:30:14</Local>
      <TimeZone></TimeZone>
    </DateTime>
    <Links>
      <Link>
        <Text>Read the Blog</Text>
        <Icon>http://www.microsoft.com/global/investor/PublishingImages/ICON/ICON_Word.png</Icon>
        <URL OpenMode="_blank">http://windowsteamblog.com/windows_phone/b/windowsphone/archive/2012/06/20/announcing-windows-phone-8.aspx</URL>
      </Link>
      <Link>
        <Text>Webcast</Text>
        <Icon>http://www.microsoft.com/global/investor/PublishingImages/ICON/ICON_Sound.png</Icon>
        <URL OpenMode="_blank">http://channel9.msdn.com/Events/Windows-Phone/Summit</URL>
      </Link>
    </Links>
  </Announcement>
  <Announcement>
    <EntryID>91d3ef55-5adf-4fb8-a701-a89ed08830db</EntryID>
    <Active>true</Active>
    <CreateTime>2012-06-18T16:40:19</CreateTime>
    <ExpirationTime></ExpirationTime>
    <DisplayOrder>0</DisplayOrder>
    <Header1>Microsoft Announces Surface: New Family of PCs for Windows</Header1>
    <Header2></Header2>
    <Header3></Header3>
    <CheckToEdit>true</CheckToEdit>
    <DateTime>
      <UTC>0001-01-01T00:00:00</UTC>
      <Local>2012-06-18T16:40:19</Local>
      <TimeZone></TimeZone>
    </DateTime>
    <Links>
      <Link>
        <Text>Read the Press Release</Text>
        <Icon>http://www.microsoft.com/global/investor/PublishingImages/ICON/ICON_Word.png</Icon>
        <URL OpenMode="_blank">http://www.microsoft.com/en-us/news/press/2012/jun12/06-18announce.aspx</URL>
      </Link>
    </Links>
  </Announcement>
  <Announcement>
    <EntryID>ada3cf17-0a56-4c56-b840-d502250e28f9</EntryID>
    <Active>true</Active>
    <CreateTime>2012-06-13T16:22:30</CreateTime>
    <ExpirationTime></ExpirationTime>
    <DisplayOrder>0</DisplayOrder>
    <Header1>Microsoft Declares Quarterly Dividend</Header1>
    <Header2></Header2>
    <Header3></Header3>
    <CheckToEdit>true</CheckToEdit>
    <DateTime>
      <UTC>0001-01-01T00:00:00</UTC>
      <Local>2012-06-13T16:22:30</Local>
      <TimeZone></TimeZone>
    </DateTime>
    <Links>
      <Link>
        <Text>Read the Press Release</Text>
        <Icon>http://www.microsoft.com/global/investor/PublishingImages/ICON/ICON_Word.png</Icon>
        <URL OpenMode="_blank">http://www.microsoft.com/en-us/news/press/2012/jun12/06-13DividendPR.aspx</URL>
      </Link>
    </Links>
  </Announcement>
  <Announcement>
    <EntryID>be7230a4-33bf-4631-994a-362a33384c72</EntryID>
    <Active>true</Active>
    <CreateTime>2012-06-01T06:00:26</CreateTime>
    <ExpirationTime></ExpirationTime>
    <DisplayOrder>0</DisplayOrder>
    <Header1>Microsoft Announces Availability of Windows Upgrade Offer </Header1>
    <Header2></Header2>
    <Header3></Header3>
    <CheckToEdit>true</CheckToEdit>
    <DateTime>
      <UTC>0001-01-01T00:00:00</UTC>
      <Local>2012-06-01T06:00:26</Local>
      <TimeZone></TimeZone>
    </DateTime>
    <Links>
      <Link>
        <Text>Read the Press Release</Text>
        <Icon>http://www.microsoft.com/global/investor/PublishingImages/ICON/ICON_Word.png</Icon>
        <URL OpenMode="_blank">http://www.microsoft.com/en-us/news/Press/2012/Jun12/06-01MSWindowsPR.aspx</URL>
      </Link>
    </Links>
  </Announcement>
  <Announcement>
    <EntryID>387cec5d-a23b-456a-9b32-a68b54660fc1</EntryID>
    <Active>true</Active>
    <CreateTime>2012-06-07T10:38:09</CreateTime>
    <ExpirationTime></ExpirationTime>
    <DisplayOrder>0</DisplayOrder>
    <Header1>Microsoft Announces Availability of Windows 8 Release Preview</Header1>
    <Header2></Header2>
    <Header3></Header3>
    <CheckToEdit>true</CheckToEdit>
    <DateTime>
      <UTC>0001-01-01T00:00:00</UTC>
      <Local>2012-05-31T10:38:09</Local>
      <TimeZone></TimeZone>
    </DateTime>
    <Links>
      <Link>
        <Text>Read the Press Release</Text>
        <Icon>http://www.microsoft.com/global/investor/PublishingImages/ICON/ICON_Word.png</Icon>
        <URL OpenMode="_blank">http://www.microsoft.com/en-us/news/Press/2012/May12/05-31Windows8RPPR.aspx</URL>
      </Link>
    </Links>
  </Announcement>
</Announcements>