<IRAnnualMeetingInfo>
  <Title>Annual Meeting</Title>
  <MeetingInfo>
    <Title>Microsoft's Annual Shareholders Meeting</Title>
    <Content>
      <div xmlns="http://www.w3.org/1999/xhtml" xmlns:ns1="http://schemas.microsoft.com/office/infopath/2003/myXSD/2008-04-20T09:10:41" xmlns:dfs="http://schemas.microsoft.com/office/infopath/2003/dataFormSolution" xmlns:c="http://schemas.microsoft.com/Csp/Content" xmlns:xhtml="http://www.w3.org/1999/xhtml" xmlns:xsi="http://www.w3.org/2001/XMLSchema-instance" xmlns:ns2="http://schemas.microsoft.com/office/infopath/2003/myXSD/2010-03-17T06:10:19" xmlns:my="http://schemas.microsoft.com/office/infopath/2003/myXSD/2010-04-13T09:02:22" xmlns:xd="http://schemas.microsoft.com/office/infopath/2003">
        <div>Annual Shareholder Meeting was held on November 15, 2011 at 8:00 am PT at the Meydenbauer Center in Bellevue, Washington. </div>
      </div>
    </Content>
  </MeetingInfo>
  <ProxyStatement>
    <Title>Proxy Materials</Title>
    <Prompt>View the 2011 Proxy Statement</Prompt>
  </ProxyStatement>
  <Documents>
    <Document>
      <Url>http://www.microsoft.com/investor/proxy/Introduction.html</Url>
      <Icon>http://www.microsoft.com/global/investor/PublishingImages/ICON/ICON_Word.png</Icon>
      <File>http://www.microsoft.com/investor/proxy/Introduction.html</File>
    </Document>
    <Document>
      <Url>http://view.officeapps.live.com/op/view.aspx?src=http://www.microsoft.com/investor/Downloads/Investor%20Services/Annual%20Meeting/FY11/PlainProxyCard.docx</Url>
      <Icon>http://www.microsoft.com/global/investor/PublishingImages/ICON/ICON_Word.png</Icon>
      <File>http://view.officeapps.live.com/op/view.aspx?src=http://www.microsoft.com/investor/Downloads/Investor%20Services/Annual%20Meeting/FY11/PlainProxyCard.docx</File>
    </Document>
    <Document>
      <Url>http://view.officeapps.live.com/op/view.aspx?src=http://www.microsoft.com/investor/Downloads/Investor%20Services/Annual%20Meeting/FY11/ASTNoticeAccess.docx</Url>
      <Icon>http://www.microsoft.com/global/investor/PublishingImages/ICON/ICON_Word.png</Icon>
      <File>http://view.officeapps.live.com/op/view.aspx?src=http://www.microsoft.com/investor/Downloads/Investor%20Services/Annual%20Meeting/FY11/ASTNoticeAccess.docx</File>
    </Document>
    <Document>
      <Url>http://view.officeapps.live.com/op/view.aspx?src=http://www.microsoft.com/investor/Downloads/Investor%20Services/Annual%20Meeting/FY11/ASTProxyCard.docx</Url>
      <Icon>http://www.microsoft.com/global/investor/PublishingImages/ICON/ICON_Word.png</Icon>
      <File>http://view.officeapps.live.com/op/view.aspx?src=http://www.microsoft.com/investor/Downloads/Investor%20Services/Annual%20Meeting/FY11/ASTProxyCard.docx</File>
    </Document>
    <Document>
      <Url>http://view.officeapps.live.com/op/view.aspx?src=http://www.microsoft.com/investor/Downloads/Investor%20Services/Annual%20Meeting/FY11/Broadridge_NoticeAccess.docx</Url>
      <Icon>http://www.microsoft.com/global/investor/PublishingImages/ICON/ICON_Word.png</Icon>
      <File>http://view.officeapps.live.com/op/view.aspx?src=http://www.microsoft.com/investor/Downloads/Investor%20Services/Annual%20Meeting/FY11/Broadridge_NoticeAccess.docx</File>
    </Document>
  </Documents>
  <Votes>
    <Title>Vote Electronically</Title>
    <Vote>
      <Title>Beneficial Shareholders</Title>
      <Content>
          If you hold shares through a bank or broker, visit: <a target="_blank" href="http://www.proxyvote.com " xmlns="http://www.w3.org/1999/xhtml" xmlns:ns1="http://schemas.microsoft.com/office/infopath/2003/myXSD/2008-04-20T09:10:41" xmlns:dfs="http://schemas.microsoft.com/office/infopath/2003/dataFormSolution" xmlns:c="http://schemas.microsoft.com/Csp/Content" xmlns:xhtml="http://www.w3.org/1999/xhtml" xmlns:xsi="http://www.w3.org/2001/XMLSchema-instance" xmlns:ns2="http://schemas.microsoft.com/office/infopath/2003/myXSD/2010-03-17T06:10:19" xmlns:my="http://schemas.microsoft.com/office/infopath/2003/myXSD/2010-04-13T09:02:22" xmlns:xd="http://schemas.microsoft.com/office/infopath/2003">www.proxyvote.com</a> and follow the instructions on your voting information form.
        </Content>
    </Vote>
    <Vote>
      <Title>Registered Shareholders</Title>
      <Content>If you hold shares through our transfer agent, American Stock Transfer, visit: <a href="http://www.voteproxy.com" target="_blank" xmlns="http://www.w3.org/1999/xhtml" xmlns:ns1="http://schemas.microsoft.com/office/infopath/2003/myXSD/2008-04-20T09:10:41" xmlns:dfs="http://schemas.microsoft.com/office/infopath/2003/dataFormSolution" xmlns:c="http://schemas.microsoft.com/Csp/Content" xmlns:xhtml="http://www.w3.org/1999/xhtml" xmlns:xsi="http://www.w3.org/2001/XMLSchema-instance" xmlns:ns2="http://schemas.microsoft.com/office/infopath/2003/myXSD/2010-03-17T06:10:19" xmlns:my="http://schemas.microsoft.com/office/infopath/2003/myXSD/2010-04-13T09:02:22" xmlns:xd="http://schemas.microsoft.com/office/infopath/2003">www.voteproxy.com</a> and follow the instructions on your voting information form. </Content>
    </Vote>
  </Votes>
</IRAnnualMeetingInfo>