<Events>
  <Event>
    <EventID>114735</EventID>
    <EventName>Windows Upgrade Offer Revenue Recognition Conference Call</EventName>
    <EventType>Conferences</EventType>
    <Tags isStrategy="true" />
    <DateTime>
      <UTC>2012-06-01T16:00:00</UTC>
      <Local>2012-06-01T09:00:00</Local>
      <TimeZone>PT-8</TimeZone>
    </DateTime>
    <FiscalYear>2012</FiscalYear>
    <Location></Location>
    <Speaker>
      <Name>Frank Brod</Name>
      <Position>Chief Accounting Officer</Position>
      <Department></Department>
    </Speaker>
    <ThumbnailImage>
      <Url>http://www.microsoft.com/global/investor/PublishingImages/Events/ThumbnailImages/HomePage/Default_MSFT.png</Url>
      <AltText></AltText>
    </ThumbnailImage>
    <RecentLinks>
      <Link>
        <Text>Transcript</Text>
        <Icon>http://www.microsoft.com/global/investor/PublishingImages/ICON/ICON_Word.png</Icon>
        <Url>http://view.officeapps.live.com/op/view.aspx?src=http://www.microsoft.com/investor/downloads/events/WindowsUpgradeOffer.docx</Url>
      </Link>
    </RecentLinks>
    <MobileWebcast>http://www.microsoft.com/EN-US/showcase/details.aspx?uuid=95bd589d-35e0-45d8-80db-3cdeefba50ed</MobileWebcast>
  </Event>
  <Event>
    <EventID>112818</EventID>
    <EventName>Bank of America Merrill Lynch Technology Conference</EventName>
    <EventType>Conferences</EventType>
    <Tags isStrategy="true">
      <Tag>ServerAndTools</Tag>
    </Tags>
    <DateTime>
      <UTC>2012-05-08T16:30:00</UTC>
      <Local>2012-05-08T09:30:00</Local>
      <TimeZone>PT-8</TimeZone>
    </DateTime>
    <FiscalYear>2012</FiscalYear>
    <Location></Location>
    <Speaker>
      <Name>Bob Kelly</Name>
      <Position>Corporate Vice President</Position>
      <Department> Windows Azure Marketing</Department>
    </Speaker>
    <ThumbnailImage>
      <Url>http://www.microsoft.com/global/investor/PublishingImages/Events/ThumbnailImages/HomePage/bobkellyportrait.png</Url>
      <AltText></AltText>
    </ThumbnailImage>
    <RecentLinks>
      <Link>
        <Text>Transcript</Text>
        <Icon>http://www.microsoft.com/global/investor/PublishingImages/ICON/ICON_Word.png</Icon>
        <Url>http://view.officeapps.live.com/op/view.aspx?src=http://www.microsoft.com/investor/downloads/events/KellyBoA.docx</Url>
      </Link>
    </RecentLinks>
    <MobileWebcast>http://www.microsoft.com/EN-US/showcase/details.aspx?uuid=2b8ab379-f2a9-4919-9841-8fb3bd6c6492</MobileWebcast>
  </Event>
  <Event>
    <EventID>112819</EventID>
    <EventName>JP Morgan Technology, Media &amp; Telecom Conference</EventName>
    <EventType>Conferences</EventType>
    <Tags isStrategy="true">
      <Tag>MicrosoftBusinessDivision</Tag>
    </Tags>
    <DateTime>
      <UTC>2012-05-16T12:40:00</UTC>
      <Local>2012-05-16T05:40:00</Local>
      <TimeZone>PT-8</TimeZone>
    </DateTime>
    <FiscalYear>2012</FiscalYear>
    <Location></Location>
    <Speaker>
      <Name>Kirill Tatarinov</Name>
      <Position>President</Position>
      <Department> Microsoft Business Solutions Business</Department>
    </Speaker>
    <ThumbnailImage>
      <Url>http://www.microsoft.com/global/investor/PublishingImages/Events/ThumbnailImages/HomePage/kirilltatarinovportrait.png</Url>
      <AltText></AltText>
    </ThumbnailImage>
    <RecentLinks>
      <Link>
        <Text>Transcript</Text>
        <Icon>http://www.microsoft.com/global/investor/PublishingImages/ICON/ICON_Word.png</Icon>
        <Url>http://view.officeapps.live.com/op/view.aspx?src=http://www.microsoft.com/investor/downloads/events/Kirill_JPMorgan.docx</Url>
      </Link>
    </RecentLinks>
    <MobileWebcast> http://www.microsoft.com/EN-US/showcase/details.aspx?uuid=f7341352-9ca2-447d-8138-e9ac0adbe486</MobileWebcast>
  </Event>
  <Event>
    <EventID>112820</EventID>
    <EventName>Cowen &amp; Company Technology, Media &amp; Telecommunications Conference</EventName>
    <EventType>Conferences</EventType>
    <Tags isStrategy="true">
      <Tag>MicrosoftBusinessDivision</Tag>
    </Tags>
    <DateTime>
      <UTC>2012-05-30T17:15:00</UTC>
      <Local>2012-05-30T10:15:00</Local>
      <TimeZone>PT-8</TimeZone>
    </DateTime>
    <FiscalYear>2012</FiscalYear>
    <Location></Location>
    <Speaker>
      <Name>Fred Studer</Name>
      <Position>General Manager</Position>
      <Department> Microsoft Dynamics Product Marketing</Department>
    </Speaker>
    <ThumbnailImage>
      <Url>http://www.microsoft.com/global/investor/PublishingImages/Events/ThumbnailImages/HomePage/Fred%20Studer_02.png</Url>
      <AltText></AltText>
    </ThumbnailImage>
    <RecentLinks>
      <Link>
        <Text>Transcript</Text>
        <Icon>http://www.microsoft.com/global/investor/PublishingImages/ICON/ICON_Word.png</Icon>
        <Url>http://view.officeapps.live.com/op/view.aspx?src=http://www.microsoft.com/investor/downloads/events/Studer_Cowan.docx</Url>
      </Link>
    </RecentLinks>
    <MobileWebcast>http://www.microsoft.com/EN-US/showcase/details.aspx?uuid=b114cbb5-b5dc-498e-9d64-76e9b9c7f70f</MobileWebcast>
  </Event>
  <Event>
    <EventID>112607</EventID>
    <EventName>Microsoft Fiscal Year 2012 Fourth Quarter Earnings Conference Call</EventName>
    <EventType>Earnings</EventType>
    <Tags isStrategy="true" />
    <DateTime>
      <UTC>2012-07-19T21:30:00</UTC>
      <Local>2012-07-19T14:30:00</Local>
      <TimeZone>PT-8</TimeZone>
    </DateTime>
    <FiscalYear>2013</FiscalYear>
    <Location></Location>
    <Speaker>
      <Name>Peter Klein</Name>
      <Position>CFO</Position>
      <Department></Department>
    </Speaker>
    <ThumbnailImage>
      <Url>http://www.microsoft.com/global/investor/PublishingImages/Events/ThumbnailImages/HomePage/ERQ42012.png</Url>
      <AltText></AltText>
    </ThumbnailImage>
    <RecentLinks>
      <Link>
        <Text>Website</Text>
        <Icon>http://www.microsoft.com/global/investor/PublishingImages/ICON/ICON_Website.png</Icon>
        <Url>http://www.microsoft.com/investor/EarningsAndFinancials/Earnings/PressReleaseAndWebcast/FY12/Q4/default.aspx</Url>
      </Link>
    </RecentLinks>
    <MobileWebcast>http://www.microsoft.com/EN-US/showcase/details.aspx?uuid=876b3947-e282-4c91-a076-b28c7cfd73d0</MobileWebcast>
  </Event>
  <Event>
    <EventID>110169</EventID>
    <EventName>Microsoft Financial Analyst Briefing at the 2012 Mobile World Congress</EventName>
    <EventType>Conferences</EventType>
    <Tags isStrategy="true" />
    <DateTime>
      <UTC>2012-02-29T10:30:00</UTC>
      <Local>2012-02-29T02:30:00</Local>
      <TimeZone>PT-8</TimeZone>
    </DateTime>
    <FiscalYear>2012</FiscalYear>
    <Location></Location>
    <Speaker>
      <Name>Terry Myerson</Name>
      <Position>Corporate Vice President</Position>
      <Department> Windows Phone Division</Department>
    </Speaker>
    <ThumbnailImage>
      <Url>http://www.microsoft.com/global/investor/PublishingImages/Events/ThumbnailImages/HomePage/Myerson.png</Url>
      <AltText></AltText>
    </ThumbnailImage>
    <RecentLinks>
      <Link>
        <Text>Transcript</Text>
        <Icon>http://www.microsoft.com/global/investor/PublishingImages/ICON/ICON_Word.png</Icon>
        <Url>http://view.officeapps.live.com/op/view.aspx?src=http://www.microsoft.com/investor/downloads/events/myerson_mwc.docx</Url>
      </Link>
    </RecentLinks>
    <MobileWebcast>http://www.microsoft.com/EN-US/showcase/details.aspx?uuid=5208f230-7c37-446f-87d0-959296e6ad9e</MobileWebcast>
  </Event>
  <Event>
    <EventID>108890</EventID>
    <EventName>Stifel Nicolaus Technology &amp; Telecom Conference 2012</EventName>
    <EventType>Conferences</EventType>
    <Tags isStrategy="true">
      <Tag>Corporate</Tag>
    </Tags>
    <DateTime>
      <UTC>2012-02-08T17:45:00</UTC>
      <Local>2012-02-08T09:45:00</Local>
      <TimeZone>PT-8</TimeZone>
    </DateTime>
    <FiscalYear>2012</FiscalYear>
    <Location></Location>
    <Speaker>
      <Name>Bill Koefoed</Name>
      <Position>General Manager</Position>
      <Department> Investor Relations </Department>
    </Speaker>
    <ThumbnailImage>
      <Url>http://www.microsoft.com/global/investor/PublishingImages/Events/ThumbnailImages/HomePage/billkoefedportrait.png</Url>
      <AltText></AltText>
    </ThumbnailImage>
    <RecentLinks>
      <Link>
        <Text>Transcript</Text>
        <Icon>http://www.microsoft.com/global/investor/PublishingImages/ICON/ICON_Word.png</Icon>
        <Url>http://view.officeapps.live.com/op/view.aspx?src=http://www.microsoft.com/investor/downloads/events/koefoedstifel.docx</Url>
      </Link>
    </RecentLinks>
    <MobileWebcast>http://www.microsoft.com/EN-US/showcase/details.aspx?uuid=85011c46-f858-4c00-be52-80a7c5686d11</MobileWebcast>
  </Event>
  <Event>
    <EventID>108891</EventID>
    <EventName>Goldman Sachs Technology &amp; Internet Conference </EventName>
    <EventType>Conferences</EventType>
    <Tags isStrategy="true">
      <Tag>Corporate</Tag>
    </Tags>
    <DateTime>
      <UTC>2012-02-15T21:15:00</UTC>
      <Local>2012-02-15T13:15:00</Local>
      <TimeZone>PT-8</TimeZone>
    </DateTime>
    <FiscalYear>2012</FiscalYear>
    <Location></Location>
    <Speaker>
      <Name>Peter Klein</Name>
      <Position>CFO</Position>
      <Department></Department>
    </Speaker>
    <ThumbnailImage>
      <Url>http://www.microsoft.com/global/investor/PublishingImages/Events/ThumbnailImages/HomePage/peterkleinportrait.png</Url>
      <AltText></AltText>
    </ThumbnailImage>
    <RecentLinks>
      <Link>
        <Text>Transcript</Text>
        <Icon>http://www.microsoft.com/global/investor/PublishingImages/ICON/ICON_Word.png</Icon>
        <Url>http://view.officeapps.live.com/op/view.aspx?src=http://www.microsoft.com/investor/downloads/events/Klein_Goldman.docx</Url>
      </Link>
    </RecentLinks>
    <MobileWebcast>http://www.microsoft.com/EN-US/showcase/details.aspx?uuid=161c3e5f-6abb-4749-aa34-249486ccc5e3</MobileWebcast>
  </Event>
  <Event>
    <EventID>108894</EventID>
    <EventName>Morgan Stanley Technology Conference</EventName>
    <EventType>Conferences</EventType>
    <Tags isStrategy="true">
      <Tag>MicrosoftBusinessDivision</Tag>
    </Tags>
    <DateTime>
      <UTC>2012-02-29T21:30:00</UTC>
      <Local>2012-02-29T13:30:00</Local>
      <TimeZone>PT-8</TimeZone>
    </DateTime>
    <FiscalYear>2012</FiscalYear>
    <Location></Location>
    <Speaker>
      <Name>Kurt DelBene</Name>
      <Position>President</Position>
      <Department> Microsoft Office Division</Department>
    </Speaker>
    <ThumbnailImage>
      <Url>http://www.microsoft.com/global/investor/PublishingImages/Events/ThumbnailImages/HomePage/kurtdelbene.png</Url>
      <AltText></AltText>
    </ThumbnailImage>
    <RecentLinks>
      <Link>
        <Text>Transcript</Text>
        <Icon>http://www.microsoft.com/global/investor/PublishingImages/ICON/ICON_Word.png</Icon>
        <Url>http://view.officeapps.live.com/op/view.aspx?src=http://www.microsoft.com/investor/downloads/events/DelBene_MorganStanley.docx</Url>
      </Link>
    </RecentLinks>
    <MobileWebcast>http://www.microsoft.com/EN-US/showcase/details.aspx?uuid=89d2951f-46dd-4f19-9e9e-1fd2043cabae</MobileWebcast>
  </Event>
  <Event>
    <EventID>108895</EventID>
    <EventName>Microsoft Fiscal Year 2012 Third Quarter Earnings Conference Call </EventName>
    <EventType>Earnings</EventType>
    <Tags isStrategy="true" />
    <DateTime>
      <UTC>2012-04-19T21:30:00</UTC>
      <Local>2012-04-19T14:30:00</Local>
      <TimeZone>PT-8</TimeZone>
    </DateTime>
    <FiscalYear>2012</FiscalYear>
    <Location></Location>
    <Speaker>
      <Name>Peter Klein</Name>
      <Position>CFO</Position>
      <Department></Department>
    </Speaker>
    <ThumbnailImage>
      <Url>http://www.microsoft.com/global/investor/PublishingImages/Events/ThumbnailImages/HomePage/ERQ32012.png</Url>
      <AltText></AltText>
    </ThumbnailImage>
    <RecentLinks>
      <Link>
        <Text>Website</Text>
        <Icon>http://www.microsoft.com/global/investor/PublishingImages/ICON/ICON_Website.png</Icon>
        <Url>http://www.microsoft.com/investor/EarningsAndFinancials/Earnings/PressReleaseAndWebcast/FY12/Q3/default.aspx</Url>
      </Link>
    </RecentLinks>
    <MobileWebcast>http://www.microsoft.com/EN-US/showcase/details.aspx?uuid=b565dcdc-61da-4a74-bf4e-53ac94d4390e</MobileWebcast>
  </Event>
  <Event>
    <EventID>107082</EventID>
    <EventName>JP Morgan Tech Forum at the 2012 International CES</EventName>
    <EventType>Conferences</EventType>
    <Tags isStrategy="true">
      <Tag>Corporate</Tag>
    </Tags>
    <DateTime>
      <UTC>2012-01-10T19:00:00</UTC>
      <Local>2012-01-10T11:00:00</Local>
      <TimeZone>PT-8</TimeZone>
    </DateTime>
    <FiscalYear>2012</FiscalYear>
    <Location></Location>
    <Speaker>
      <Name>Bill Koefoed</Name>
      <Position>General Manager</Position>
      <Department> Investor Relations</Department>
    </Speaker>
    <ThumbnailImage>
      <Url>http://www.microsoft.com/global/investor/PublishingImages/Events/ThumbnailImages/HomePage/billkoefedportrait.png</Url>
      <AltText></AltText>
    </ThumbnailImage>
    <RecentLinks>
      <Link>
        <Text>Transcript</Text>
        <Icon>http://www.microsoft.com/global/investor/PublishingImages/ICON/ICON_Word.png</Icon>
        <Url>http://view.officeapps.live.com/op/view.aspx?src=http://www.microsoft.com/investor/downloads/events/Koefoed_JPMorganCES.docx</Url>
      </Link>
    </RecentLinks>
    <MobileWebcast>http://www.microsoft.com/EN-US/showcase/details.aspx?uuid=617c5cdf-6271-48d4-b1a6-82b1308ae90a</MobileWebcast>
  </Event>
  <Event>
    <EventID>107084</EventID>
    <EventName>Nomura at the 2012 International CES</EventName>
    <EventType>Conferences</EventType>
    <Tags isStrategy="true">
      <Tag>WindowsAndWindowsLiveDivision</Tag>
    </Tags>
    <DateTime>
      <UTC>2012-01-10T21:10:00</UTC>
      <Local>2012-01-10T13:10:00</Local>
      <TimeZone>PT-8</TimeZone>
    </DateTime>
    <FiscalYear>2012</FiscalYear>
    <Location></Location>
    <Speaker>
      <Name>Tami Reller</Name>
      <Position>Corporate Vice President &amp; CFO</Position>
      <Department> Windows and Windows Live Division </Department>
    </Speaker>
    <ThumbnailImage>
      <Url>http://www.microsoft.com/global/investor/PublishingImages/Events/ThumbnailImages/HomePage/tamirellerportrait.png</Url>
      <AltText></AltText>
    </ThumbnailImage>
    <RecentLinks>
      <Link>
        <Text>Transcript</Text>
        <Icon>http://www.microsoft.com/global/investor/PublishingImages/ICON/ICON_Word.png</Icon>
        <Url>http://view.officeapps.live.com/op/view.aspx?src=http://www.microsoft.com/investor/downloads/events/Reller_NomuraCES.docx</Url>
      </Link>
    </RecentLinks>
    <MobileWebcast>http://www.microsoft.com/EN-US/showcase/details.aspx?uuid=08ff59fb-e728-439b-8fca-c3dd2ec31507</MobileWebcast>
  </Event>
  <Event>
    <EventID>105900</EventID>
    <EventName>Microsoft Fiscal Year 2012 Second Quarter Earnings Conference Call </EventName>
    <EventType>Earnings</EventType>
    <Tags isStrategy="true" />
    <DateTime>
      <UTC>2012-01-19T22:30:00</UTC>
      <Local>2012-01-19T14:30:00</Local>
      <TimeZone>PT-8</TimeZone>
    </DateTime>
    <FiscalYear>2012</FiscalYear>
    <Location></Location>
    <Speaker>
      <Name>Peter Klein</Name>
      <Position>CFO </Position>
      <Department></Department>
    </Speaker>
    <ThumbnailImage>
      <Url>http://www.microsoft.com/global/investor/PublishingImages/Events/ThumbnailImages/HomePage/ERQ22012.png</Url>
      <AltText></AltText>
    </ThumbnailImage>
    <RecentLinks>
      <Link>
        <Text>Website</Text>
        <Icon>http://www.microsoft.com/global/investor/PublishingImages/ICON/ICON_Website.png</Icon>
        <Url>http://www.microsoft.com/investor/EarningsAndFinancials/Earnings/PressReleaseAndWebcast/FY12/Q2/default.aspx</Url>
      </Link>
    </RecentLinks>
    <MobileWebcast>http://www.microsoft.com/EN-US/showcase/details.aspx?uuid=66715618-769d-4e8a-98ca-dd1e7323e7e8</MobileWebcast>
  </Event>
  <Event>
    <EventID>105898</EventID>
    <EventName>Credit Suisse Technology Conference</EventName>
    <EventType>Conferences</EventType>
    <Tags isStrategy="true">
      <Tag>MicrosoftBusinessDivision</Tag>
    </Tags>
    <DateTime>
      <UTC>2011-12-01T16:30:00</UTC>
      <Local>2011-12-01T09:30:00</Local>
      <TimeZone>MT-7</TimeZone>
    </DateTime>
    <FiscalYear>2012</FiscalYear>
    <Location></Location>
    <Speaker>
      <Name>Derek Burney</Name>
      <Position>Corporate Vice President</Position>
      <Department> Microsoft Lync </Department>
    </Speaker>
    <ThumbnailImage>
      <Url>http://www.microsoft.com/global/investor/PublishingImages/Events/ThumbnailImages/HomePage/DerekBurneyportrait.png</Url>
      <AltText></AltText>
    </ThumbnailImage>
    <RecentLinks>
      <Link>
        <Text>Transcript</Text>
        <Icon>http://www.microsoft.com/global/investor/PublishingImages/ICON/ICON_Word.png</Icon>
        <Url>http://view.officeapps.live.com/op/view.aspx?src=http://www.microsoft.com/investor/downloads/events/CS_Burney120111.docx</Url>
      </Link>
    </RecentLinks>
    <MobileWebcast>http://www.microsoft.com/EN-US/showcase/details.aspx?uuid=7afbd917-252e-4d8c-b192-5f97a7029bd1</MobileWebcast>
  </Event>
  <Event>
    <EventID>106035</EventID>
    <EventName>NASDAQ OMX Investor Program</EventName>
    <EventType>Conferences</EventType>
    <Tags isStrategy="true">
      <Tag>Corporate</Tag>
    </Tags>
    <DateTime>
      <UTC>2011-12-06T08:00:00</UTC>
      <Local>2011-12-06T03:00:00</Local>
      <TimeZone>ET-5</TimeZone>
    </DateTime>
    <FiscalYear>2012</FiscalYear>
    <Location></Location>
    <Speaker>
      <Name>Charles Songhurst</Name>
      <Position>General Manager</Position>
      <Department> Corporate Strategy</Department>
    </Speaker>
    <ThumbnailImage>
      <Url>http://www.microsoft.com/global/investor/PublishingImages/Events/ThumbnailImages/HomePage/charlessonghurstportrait.png</Url>
      <AltText></AltText>
    </ThumbnailImage>
    <RecentLinks>
      <Link>
        <Text>Transcript</Text>
        <Icon>http://www.microsoft.com/global/investor/PublishingImages/ICON/ICON_Word.png</Icon>
        <Url>http://view.officeapps.live.com/op/view.aspx?src=http://www.microsoft.com/investor/downloads/events/NASDAQ_songhurst.docx</Url>
      </Link>
    </RecentLinks>
    <MobileWebcast>http://www.microsoft.com/EN-US/showcase/details.aspx?uuid=0ed34a1c-8593-49f8-ab53-b84203cdd087</MobileWebcast>
  </Event>
  <Event>
    <EventID>105899</EventID>
    <EventName>Barclays Capital Global Technology Conference</EventName>
    <EventType>Conferences</EventType>
    <Tags isStrategy="true">
      <Tag>Corporate</Tag>
    </Tags>
    <DateTime>
      <UTC>2011-12-08T17:30:00</UTC>
      <Local>2011-12-08T09:30:00</Local>
      <TimeZone>PT-8</TimeZone>
    </DateTime>
    <FiscalYear>2012</FiscalYear>
    <Location></Location>
    <Speaker>
      <Name>Zachary Apter</Name>
      <Position>General Manager</Position>
      <Department> Corporate Strategy</Department>
    </Speaker>
    <ThumbnailImage>
      <Url>http://www.microsoft.com/global/investor/PublishingImages/Events/ThumbnailImages/HomePage/Default_MSFT.png</Url>
      <AltText></AltText>
    </ThumbnailImage>
    <RecentLinks>
      <Link>
        <Text>Transcript</Text>
        <Icon>http://www.microsoft.com/global/investor/PublishingImages/ICON/ICON_Word.png</Icon>
        <Url>http://view.officeapps.live.com/op/view.aspx?src=http://www.microsoft.com/investor/downloads/events/Barclays_Apter.docx</Url>
      </Link>
    </RecentLinks>
    <MobileWebcast>http://www.microsoft.com/EN-US/showcase/details.aspx?uuid=087d993f-808c-4c51-a78d-706946da0d50</MobileWebcast>
  </Event>
  <Event>
    <EventID>104891</EventID>
    <EventName>CLSA AsiaUSA Forum</EventName>
    <EventType>Conferences</EventType>
    <Tags isStrategy="true">
      <Tag>ServerAndTools</Tag>
    </Tags>
    <DateTime>
      <UTC>2011-11-07T19:30:00</UTC>
      <Local>2011-11-07T11:30:00</Local>
      <TimeZone>PT-8</TimeZone>
    </DateTime>
    <FiscalYear>2012</FiscalYear>
    <Location></Location>
    <Speaker>
      <Name>Charlie DiBona</Name>
      <Position>general manager</Position>
      <Department> Server &amp; Tools</Department>
    </Speaker>
    <ThumbnailImage>
      <Url>http://www.microsoft.com/global/investor/PublishingImages/Events/ThumbnailImages/HomePage/charliedibonaportrait.png</Url>
      <AltText></AltText>
    </ThumbnailImage>
    <RecentLinks>
      <Link>
        <Text>Slides</Text>
        <Icon>http://www.microsoft.com/global/investor/PublishingImages/ICON/ICON_PPT.png</Icon>
        <Url>http://www.microsoft.com/investor/downloads/events/dibona_CLSAPresentation.pptx</Url>
      </Link>
      <Link>
        <Text>Transcript</Text>
        <Icon>http://www.microsoft.com/global/investor/PublishingImages/ICON/ICON_Word.png</Icon>
        <Url>http://view.officeapps.live.com/op/view.aspx?src=http://www.microsoft.com/investor/downloads/events/dibona_CLSA.docx</Url>
      </Link>
    </RecentLinks>
    <MobileWebcast>http://www.microsoft.com/EN-US/showcase/details.aspx?uuid=55a6426e-6e63-4fb6-8908-c2847eada120</MobileWebcast>
  </Event>
  <Event>
    <EventID>104892</EventID>
    <EventName>BMO Digital Entertainment Conference</EventName>
    <EventType>Conferences</EventType>
    <Tags isStrategy="true">
      <Tag>EntertainmentAndDevicesDivision</Tag>
    </Tags>
    <DateTime>
      <UTC>2011-11-10T17:30:00</UTC>
      <Local>2011-11-10T09:30:00</Local>
      <TimeZone>PT-8</TimeZone>
    </DateTime>
    <FiscalYear>2012</FiscalYear>
    <Location></Location>
    <Speaker>
      <Name>Kevin McCarthy</Name>
      <Position>CFO</Position>
      <Department> Xbox</Department>
    </Speaker>
    <ThumbnailImage>
      <Url>http://www.microsoft.com/global/investor/PublishingImages/Events/ThumbnailImages/HomePage/KevinMcCarthyportrait.png</Url>
      <AltText></AltText>
    </ThumbnailImage>
    <RecentLinks>
      <Link>
        <Text>Slides</Text>
        <Icon>http://www.microsoft.com/global/investor/PublishingImages/ICON/ICON_PPT.png</Icon>
        <Url>http://www.microsoft.com/investor/downloads/events/kevinmccarthy_bmo.pptx</Url>
      </Link>
      <Link>
        <Text>Transcript</Text>
        <Icon>http://www.microsoft.com/global/investor/PublishingImages/ICON/ICON_Word.png</Icon>
        <Url>http://view.officeapps.live.com/op/view.aspx?src=http://www.microsoft.com/investor/downloads/events/mccarthy_bmo.docx</Url>
      </Link>
    </RecentLinks>
    <MobileWebcast>http://www.microsoft.com/EN-US/showcase/details.aspx?uuid=a52ab73e-6424-4fad-81a6-721658fa7923</MobileWebcast>
  </Event>
  <Event>
    <EventID>104893</EventID>
    <EventName>UBS Global Technology &amp; Services Conference</EventName>
    <EventType>Conferences</EventType>
    <Tags isStrategy="true">
      <Tag>Corporate</Tag>
    </Tags>
    <DateTime>
      <UTC>2011-11-15T13:00:00</UTC>
      <Local>2011-11-15T05:00:00</Local>
      <TimeZone>PT-8</TimeZone>
    </DateTime>
    <FiscalYear>2012</FiscalYear>
    <Location></Location>
    <Speaker>
      <Name>Robert Youngjohns</Name>
      <Position>president</Position>
      <Department> Microsoft North America</Department>
    </Speaker>
    <ThumbnailImage>
      <Url>http://www.microsoft.com/global/investor/PublishingImages/Events/ThumbnailImages/HomePage/robertyoungjohnsportrait.png</Url>
      <AltText></AltText>
    </ThumbnailImage>
    <RecentLinks>
      <Link>
        <Text>Transcript</Text>
        <Icon>http://www.microsoft.com/global/investor/PublishingImages/ICON/ICON_Word.png</Icon>
        <Url>http://view.officeapps.live.com/op/view.aspx?src=http://www.microsoft.com/investor/downloads/events/UBS_Youngjohns.docx</Url>
      </Link>
    </RecentLinks>
    <MobileWebcast>http://www.microsoft.com/EN-US/showcase/details.aspx?uuid=414c700a-5b84-4bd8-9de4-ba222815c7e5</MobileWebcast>
  </Event>
  <Event>
    <EventID>102029</EventID>
    <EventName>Microsoft Fiscal Year 2012 First Quarter Earnings Conference Call </EventName>
    <EventType>Earnings</EventType>
    <Tags isStrategy="true" />
    <DateTime>
      <UTC>2011-10-20T21:30:00</UTC>
      <Local>2011-10-20T14:30:00</Local>
      <TimeZone>PT-8</TimeZone>
    </DateTime>
    <FiscalYear>2012</FiscalYear>
    <Location></Location>
    <Speaker>
      <Name>Peter Klein</Name>
      <Position>CFO</Position>
      <Department></Department>
    </Speaker>
    <ThumbnailImage>
      <Url>http://www.microsoft.com/global/investor/PublishingImages/Events/ThumbnailImages/HomePage/ERQ12012.png</Url>
      <AltText></AltText>
    </ThumbnailImage>
    <RecentLinks>
      <Link>
        <Text>Website</Text>
        <Icon>http://www.microsoft.com/global/investor/PublishingImages/ICON/ICON_Website.png</Icon>
        <Url>http://www.microsoft.com/investor/EarningsAndFinancials/Earnings/PressReleaseAndWebcast/FY12/Q1/default.aspx</Url>
      </Link>
      <Link>
        <Text></Text>
        <Icon>http://www.microsoft.com/global/investor/PublishingImages/ICON/ICON_Word.png</Icon>
        <Url />
      </Link>
    </RecentLinks>
    <MobileWebcast>http://www.microsoft.com/EN-US/showcase/details.aspx?uuid=2641c53b-b8a3-4416-be51-07ea020ee5d7</MobileWebcast>
  </Event>
  <Event>
    <EventID>101711</EventID>
    <EventName>Citi Technology Conference</EventName>
    <EventType>Conferences</EventType>
    <Tags isStrategy="true">
      <Tag>ServerAndTools</Tag>
    </Tags>
    <DateTime>
      <UTC>2011-09-07T20:50:00</UTC>
      <Local>2011-09-07T13:50:00</Local>
      <TimeZone>PT-8</TimeZone>
    </DateTime>
    <FiscalYear>2012</FiscalYear>
    <Location></Location>
    <Speaker>
      <Name>Satya Nadella</Name>
      <Position>President</Position>
      <Department> Server &amp; Tools</Department>
    </Speaker>
    <ThumbnailImage>
      <Url>http://www.microsoft.com/global/investor/PublishingImages/Events/ThumbnailImages/HomePage/SatyaNadellaportrait.png</Url>
      <AltText></AltText>
    </ThumbnailImage>
    <RecentLinks>
      <Link>
        <Text>Slides</Text>
        <Icon>http://www.microsoft.com/global/investor/PublishingImages/ICON/ICON_PPT.png</Icon>
        <Url>http://view.officeapps.live.com/op/view.aspx?src=http://www.microsoft.com/investor/downloads/events/nadella_090711_citibank.pptx</Url>
      </Link>
      <Link>
        <Text>Transcript</Text>
        <Icon>http://www.microsoft.com/global/investor/PublishingImages/ICON/ICON_Word.png</Icon>
        <Url>http://view.officeapps.live.com/op/view.aspx?src=http://www.microsoft.com/investor/downloads/events/nadella_citi_090711.docx</Url>
      </Link>
    </RecentLinks>
    <MobileWebcast>http://www.microsoft.com/EN-US/showcase/details.aspx?uuid=829dff48-047e-4a5b-98d3-56a411e15cd2</MobileWebcast>
  </Event>
  <Event>
    <EventID>100724</EventID>
    <EventName>Oppenheimer Annual Technology, Media &amp; Telecommunications Conference</EventName>
    <EventType>Conferences</EventType>
    <Tags isStrategy="true">
      <Tag>Corporate</Tag>
    </Tags>
    <DateTime>
      <UTC>2011-08-09T15:05:00</UTC>
      <Local>2011-08-09T08:05:00</Local>
      <TimeZone>PT-8</TimeZone>
    </DateTime>
    <FiscalYear>2012</FiscalYear>
    <Location></Location>
    <Speaker>
      <Name>Bill Koefoed</Name>
      <Position>General Manager</Position>
      <Department> Investor Relations</Department>
    </Speaker>
    <ThumbnailImage>
      <Url>http://www.microsoft.com/global/investor/PublishingImages/Events/ThumbnailImages/HomePage/billkoefedportrait.png</Url>
      <AltText></AltText>
    </ThumbnailImage>
    <RecentLinks>
      <Link>
        <Text>Slides</Text>
        <Icon>http://www.microsoft.com/global/investor/PublishingImages/ICON/ICON_PPT.png</Icon>
        <Url>http://view.officeapps.live.com/op/view.aspx?src=http://www.microsoft.com/investor/Downloads/Events/BillKOppenheimer_080911.pptx</Url>
      </Link>
      <Link>
        <Text>Transcript</Text>
        <Icon>http://www.microsoft.com/global/investor/PublishingImages/ICON/ICON_Word.png</Icon>
        <Url>http://view.officeapps.live.com/op/view.aspx?src=http://www.microsoft.com/investor/Downloads/Events/billk_Oppenheimer_080911.docx</Url>
      </Link>
    </RecentLinks>
    <MobileWebcast>http://www.microsoft.com/EN-US/showcase/details.aspx?uuid=8bbaff37-1acb-4a70-aa17-1022dc3d2f84</MobileWebcast>
  </Event>
  <Event>
    <EventID>100722</EventID>
    <EventName>2011 Microsoft Annual Meeting of Shareholders</EventName>
    <EventType>ShareholderMeeting</EventType>
    <Tags isStrategy="true" />
    <DateTime>
      <UTC>2011-11-15T16:00:00</UTC>
      <Local>2011-11-15T08:00:00</Local>
      <TimeZone>PT-8</TimeZone>
    </DateTime>
    <FiscalYear>2012</FiscalYear>
    <Location></Location>
    <Speaker>
      <Name></Name>
      <Position></Position>
      <Department></Department>
    </Speaker>
    <ThumbnailImage>
      <Url>http://www.microsoft.com/global/investor/PublishingImages/Events/ThumbnailImages/HomePage/Default_MSFT.png</Url>
      <AltText></AltText>
    </ThumbnailImage>
    <RecentLinks>
      <Link>
        <Text>Transcript</Text>
        <Icon>http://www.microsoft.com/global/investor/PublishingImages/ICON/ICON_Word.png</Icon>
        <Url>http://view.officeapps.live.com/op/view.aspx?src=http://www.microsoft.com/investor/downloads/events/ShareholderMeeting11152011.docx</Url>
      </Link>
    </RecentLinks>
    <MobileWebcast>http://www.microsoft.com/EN-US/showcase/details.aspx?uuid=24a659d6-10b3-4f29-8969-f79972b1ef27</MobileWebcast>
  </Event>
  <Event>
    <EventID>100482</EventID>
    <EventName>Microsoft Financial Analyst Meeting </EventName>
    <EventType>FAM</EventType>
    <Tags isStrategy="true">
      <Tag>Corporate</Tag>
    </Tags>
    <DateTime>
      <UTC>2011-09-14T20:00:00</UTC>
      <Local>2011-09-14T13:00:00</Local>
      <TimeZone>PT-8</TimeZone>
    </DateTime>
    <FiscalYear>2012</FiscalYear>
    <Location></Location>
    <Speaker>
      <Name></Name>
      <Position></Position>
      <Department></Department>
    </Speaker>
    <ThumbnailImage>
      <Url>http://www.microsoft.com/global/investor/PublishingImages/Events/ThumbnailImages/HomePage/FAM2011_event01.png</Url>
      <AltText></AltText>
    </ThumbnailImage>
    <RecentLinks />
    <MobileWebcast></MobileWebcast>
    <FAMEventLink>http://www.microsoft.com/investor/DataSourceProvider.aspx?source=FAM2011</FAMEventLink>
  </Event>
  <Event>
    <EventID>99530</EventID>
    <EventName>Microsoft Fiscal Year 2011 Fourth Quarter Earnings</EventName>
    <EventType>Earnings</EventType>
    <Tags isStrategy="false">
      <Tag>Corporate</Tag>
    </Tags>
    <DateTime>
      <UTC>2011-07-21T21:30:00</UTC>
      <Local>2011-07-21T14:30:00</Local>
      <TimeZone>PT-8</TimeZone>
    </DateTime>
    <FiscalYear>2011</FiscalYear>
    <Location></Location>
    <Speaker>
      <Name>Peter Klein</Name>
      <Position>CFO</Position>
      <Department></Department>
    </Speaker>
    <ThumbnailImage>
      <Url>http://www.microsoft.com/global/investor/PublishingImages/Events/ThumbnailImages/HomePage/ERQ42011%20(2).png</Url>
      <AltText></AltText>
    </ThumbnailImage>
    <RecentLinks>
      <Link>
        <Text>Website</Text>
        <Icon>http://www.microsoft.com/global/investor/PublishingImages/ICON/ICON_Website.png</Icon>
        <Url>http://www.microsoft.com/investor/EarningsAndFinancials/Earnings/PressReleaseAndWebcast/FY11/Q4/default.aspx</Url>
      </Link>
    </RecentLinks>
    <MobileWebcast>http://www.microsoft.com/EN-US/showcase/details.aspx?uuid=3e9a7ff8-326d-4042-afa7-65c98a3f2ef6</MobileWebcast>
  </Event>
  <Event>
    <EventID>97596</EventID>
    <EventName>Bank of America Merrill Lynch U.S. Technology Conference</EventName>
    <EventType>Conferences</EventType>
    <Tags isStrategy="false">
      <Tag>OnlineServicesDivision</Tag>
    </Tags>
    <DateTime>
      <UTC>2011-06-01T18:35:00</UTC>
      <Local>2011-06-01T11:35:00</Local>
      <TimeZone>PT-8</TimeZone>
    </DateTime>
    <FiscalYear>2011</FiscalYear>
    <Location></Location>
    <Speaker>
      <Name>Mindy Mount</Name>
      <Position>corporate vice president and CFO</Position>
      <Department> Online Services Division </Department>
    </Speaker>
    <ThumbnailImage>
      <Url>http://www.microsoft.com/global/investor/PublishingImages/Events/ThumbnailImages/HomePage/mindymountportrait.png</Url>
      <AltText></AltText>
    </ThumbnailImage>
    <RecentLinks>
      <Link>
        <Text>Transcript</Text>
        <Icon>http://www.microsoft.com/global/investor/PublishingImages/ICON/ICON_Word.png</Icon>
        <Url>http://view.officeapps.live.com/op/view.aspx?src=http://www.microsoft.com/investor/Downloads/Events/BoA_Mindy_Mount.docx</Url>
      </Link>
    </RecentLinks>
    <MobileWebcast>http://www.microsoft.com/EN-US/showcase/details.aspx?uuid=1cc864b2-559b-4884-b548-f7b3c61249f2</MobileWebcast>
  </Event>
  <Event>
    <EventID>97597</EventID>
    <EventName>Cowen and Company Annual Technology Media &amp; Telecom Conference </EventName>
    <EventType>Conferences</EventType>
    <Tags isStrategy="false">
      <Tag>WindowsAndWindowsLiveDivision</Tag>
    </Tags>
    <DateTime>
      <UTC>2011-06-02T17:35:00</UTC>
      <Local>2011-06-02T10:35:00</Local>
      <TimeZone>PT-8</TimeZone>
    </DateTime>
    <FiscalYear>2011</FiscalYear>
    <Location></Location>
    <Speaker>
      <Name>Brian Hall</Name>
      <Position>general manager</Position>
      <Department> Windows Live &amp; Internet Explorer</Department>
    </Speaker>
    <ThumbnailImage>
      <Url>http://www.microsoft.com/global/investor/PublishingImages/Events/ThumbnailImages/HomePage/brian_hall.png</Url>
      <AltText></AltText>
    </ThumbnailImage>
    <RecentLinks>
      <Link>
        <Text>Transcript</Text>
        <Icon>http://www.microsoft.com/global/investor/PublishingImages/ICON/ICON_Word.png</Icon>
        <Url>http://view.officeapps.live.com/op/view.aspx?src=http://www.microsoft.com/investor/Downloads/Events/cowen_brian_hall_060211.docx</Url>
      </Link>
    </RecentLinks>
    <MobileWebcast>http://www.microsoft.com/EN-US/showcase/details.aspx?uuid=00f8de6c-4d36-45c0-8843-0f36e3c7f352</MobileWebcast>
  </Event>
  <Event>
    <EventID>96549</EventID>
    <EventName>Jefferies Global Technology, Internet, Media &amp; Telecom Conference </EventName>
    <EventType>Conferences</EventType>
    <Tags isStrategy="false">
      <Tag>ServerAndTools</Tag>
    </Tags>
    <DateTime>
      <UTC>2011-05-11T15:10:00</UTC>
      <Local>2011-05-11T08:10:00</Local>
      <TimeZone>PT-8</TimeZone>
    </DateTime>
    <FiscalYear>2011</FiscalYear>
    <Location></Location>
    <Speaker>
      <Name>Charlie Di Bona</Name>
      <Position>general manager</Position>
      <Department> Server &amp; Tools </Department>
    </Speaker>
    <ThumbnailImage>
      <Url>http://www.microsoft.com/global/investor/PublishingImages/Events/ThumbnailImages/HomePage/charliedibonaportrait.png</Url>
      <AltText></AltText>
    </ThumbnailImage>
    <RecentLinks>
      <Link>
        <Text>Transcript</Text>
        <Icon>http://www.microsoft.com/global/investor/PublishingImages/ICON/ICON_Word.png</Icon>
        <Url>http://view.officeapps.live.com/op/view.aspx?src=http://www.microsoft.com/investor/Downloads/Events/jefferies_conference_DiBona_051111.docx</Url>
      </Link>
    </RecentLinks>
    <MobileWebcast>http://www.microsoft.com/EN-US/showcase/details.aspx?uuid=927b014e-f066-40ae-8c7d-5bda4778c3ff</MobileWebcast>
  </Event>
  <Event>
    <EventID>96550</EventID>
    <EventName>JP Morgan Technology, Media &amp; Telecom Conference</EventName>
    <EventType>Conferences</EventType>
    <Tags isStrategy="false">
      <Tag>MicrosoftBusinessDivision</Tag>
    </Tags>
    <DateTime>
      <UTC>2011-05-16T12:40:00</UTC>
      <Local>2011-05-16T08:40:00</Local>
      <TimeZone>ET-5</TimeZone>
    </DateTime>
    <FiscalYear>2011</FiscalYear>
    <Location></Location>
    <Speaker>
      <Name>Kirk Koenigsbauer</Name>
      <Position>corporate vice president</Position>
      <Department> Microsoft Office Division </Department>
    </Speaker>
    <ThumbnailImage>
      <Url>http://www.microsoft.com/global/investor/PublishingImages/Events/ThumbnailImages/HomePage/KirkKoenigsbauerportrait.png</Url>
      <AltText></AltText>
    </ThumbnailImage>
    <RecentLinks>
      <Link>
        <Text>Transcript</Text>
        <Icon>http://www.microsoft.com/global/investor/PublishingImages/ICON/ICON_Word.png</Icon>
        <Url>http://view.officeapps.live.com/op/view.aspx?src=http://www.microsoft.com/investor/Downloads/Events/JPMorgan_kirkK.docx</Url>
      </Link>
    </RecentLinks>
    <MobileWebcast>http://www.microsoft.com/EN-US/showcase/details.aspx?uuid=5670f14c-7e85-47ac-88fd-7b1efca2b456</MobileWebcast>
  </Event>
  <Event>
    <EventID>95055</EventID>
    <EventName>Cowen &amp; Co. Hosted Conference Call: Microsoft Dynamics CRM and ERP</EventName>
    <EventType>Conferences</EventType>
    <Tags isStrategy="false">
      <Tag>MicrosoftBusinessDivision</Tag>
    </Tags>
    <DateTime>
      <UTC>2011-04-18T16:00:00</UTC>
      <Local>2011-04-18T09:00:00</Local>
      <TimeZone>PT-8</TimeZone>
    </DateTime>
    <FiscalYear>2011</FiscalYear>
    <Location></Location>
    <Speaker>
      <Name>Kirill Tatarinov</Name>
      <Position>corporate vice president</Position>
      <Department> Microsoft Business Solutions</Department>
    </Speaker>
    <ThumbnailImage>
      <Url>http://www.microsoft.com/global/investor/PublishingImages/Events/ThumbnailImages/HomePage/kirilltatarinovportrait.png</Url>
      <AltText></AltText>
    </ThumbnailImage>
    <RecentLinks>
      <Link>
        <Text>Transcript</Text>
        <Icon>http://www.microsoft.com/global/investor/PublishingImages/ICON/ICON_Word.png</Icon>
        <Url>http://view.officeapps.live.com/op/view.aspx?src=http://www.microsoft.com/investor/Downloads/Events/Cowen_Kirill_Tatarinov_041811.docx</Url>
      </Link>
    </RecentLinks>
    <MobileWebcast>http://www.microsoft.com/EN-US/showcase/details.aspx?uuid=4ab4e852-368b-416c-9041-ba8e75552503</MobileWebcast>
  </Event>
  <Event>
    <EventID>95054</EventID>
    <EventName>Microsoft Fiscal Year 2011 Third Quarter Earnings Conference Call</EventName>
    <EventType>Earnings</EventType>
    <Tags isStrategy="false">
      <Tag>Corporate</Tag>
    </Tags>
    <DateTime>
      <UTC>2011-04-28T21:30:00</UTC>
      <Local>2011-04-28T14:30:00</Local>
      <TimeZone>PT-8</TimeZone>
    </DateTime>
    <FiscalYear>2011</FiscalYear>
    <Location></Location>
    <Speaker>
      <Name>Peter Klein</Name>
      <Position>CFO</Position>
      <Department></Department>
    </Speaker>
    <ThumbnailImage>
      <Url>http://www.microsoft.com/global/investor/PublishingImages/Events/ThumbnailImages/HomePage/ERQ32011.png</Url>
      <AltText></AltText>
    </ThumbnailImage>
    <RecentLinks>
      <Link>
        <Text>Website</Text>
        <Icon>http://www.microsoft.com/global/investor/PublishingImages/ICON/ICON_Website.png</Icon>
        <Url>http://www.microsoft.com/investor/EarningsAndFinancials/Earnings/PressReleaseAndWebcast/FY11/Q3/default.aspx</Url>
      </Link>
    </RecentLinks>
    <MobileWebcast>http://www.microsoft.com/EN-US/showcase/details.aspx?uuid=757aab01-716f-4822-9c40-6d4ae05a14b7</MobileWebcast>
  </Event>
  <Event>
    <EventID></EventID>
    <EventName>UBS Technology Conference </EventName>
    <EventType>Conferences</EventType>
    <Tags isStrategy="false">
      <Tag>Corporate</Tag>
    </Tags>
    <DateTime>
      <UTC>2011-03-08T05:00:00</UTC>
      <Local>2011-03-08T00:00:00</Local>
      <TimeZone>ET-5</TimeZone>
    </DateTime>
    <FiscalYear>2011</FiscalYear>
    <Location></Location>
    <Speaker>
      <Name>Todd Setcavage</Name>
      <Position>Director</Position>
      <Department>Investor Relations </Department>
    </Speaker>
    <ThumbnailImage>
      <Url>http://www.microsoft.com/global/investor/PublishingImages/Events/ThumbnailImages/HomePage/Default_MSFT.png</Url>
      <AltText></AltText>
    </ThumbnailImage>
    <RecentLinks>
      <Link>
        <Text>Transcript</Text>
        <Icon>http://www.microsoft.com/global/investor/PublishingImages/ICON/ICON_Word.png</Icon>
        <Url>http://view.officeapps.live.com/op/view.aspx?src=http://www.microsoft.com/investor/Downloads/Events/UBS_Setcavage_03092011.docx</Url>
      </Link>
    </RecentLinks>
    <MobileWebcast></MobileWebcast>
  </Event>
  <Event>
    <EventID>93212</EventID>
    <EventName>Morgan Stanley Technology, Media &amp; Telecom Conference</EventName>
    <EventType>Conferences</EventType>
    <Tags isStrategy="true">
      <Tag>Corporate</Tag>
    </Tags>
    <DateTime>
      <UTC>2011-03-02T16:45:00</UTC>
      <Local>2011-03-02T08:45:00</Local>
      <TimeZone>PT-8</TimeZone>
    </DateTime>
    <FiscalYear>2011</FiscalYear>
    <Location></Location>
    <Speaker>
      <Name>Peter Klein</Name>
      <Position>CFO</Position>
      <Department></Department>
    </Speaker>
    <ThumbnailImage>
      <Url>http://www.microsoft.com/global/investor/PublishingImages/Events/ThumbnailImages/HomePage/peterkleinportrait.png</Url>
      <AltText></AltText>
    </ThumbnailImage>
    <RecentLinks>
      <Link>
        <Text>Transcript</Text>
        <Icon>http://www.microsoft.com/global/investor/PublishingImages/ICON/ICON_Word.png</Icon>
        <Url>http://view.officeapps.live.com/op/view.aspx?src=http://www.microsoft.com/investor/Downloads/Events/MorganStanley_Peter_Klein_030211.docx</Url>
      </Link>
    </RecentLinks>
    <MobileWebcast>http://www.microsoft.com/EN-US/showcase/details.aspx?uuid=d29ed641-ef19-47ea-8938-5289288ba19f</MobileWebcast>
  </Event>
  <Event>
    <EventID>91948</EventID>
    <EventName>Stifel Nicolaus Technology, Communications &amp; Internet Conference</EventName>
    <EventType>Conferences</EventType>
    <Tags isStrategy="true">
      <Tag>ServerAndTools</Tag>
    </Tags>
    <DateTime>
      <UTC>2011-02-09T16:35:00</UTC>
      <Local>2011-02-09T08:35:00</Local>
      <TimeZone>PT-8</TimeZone>
    </DateTime>
    <FiscalYear>2011</FiscalYear>
    <Location></Location>
    <Speaker>
      <Name>Tim O'Brien</Name>
      <Position>general manager</Position>
      <Department> Platform Strategy</Department>
    </Speaker>
    <ThumbnailImage>
      <Url>http://www.microsoft.com/global/investor/PublishingImages/Events/ThumbnailImages/HomePage/timobrien.png</Url>
      <AltText></AltText>
    </ThumbnailImage>
    <RecentLinks>
      <Link>
        <Text>Transcript</Text>
        <Icon>http://www.microsoft.com/global/investor/PublishingImages/ICON/ICON_Word.png</Icon>
        <Url>http://view.officeapps.live.com/op/view.aspx?src=http://www.microsoft.com/investor/Downloads/Events/Stifel_Nicolaus_Tim_OBrien_02911.docx</Url>
      </Link>
    </RecentLinks>
    <MobileWebcast>http://www.microsoft.com/EN-US/showcase/details.aspx?uuid=528f5590-853b-4cef-839e-a5b72a9e57f3</MobileWebcast>
  </Event>
  <Event>
    <EventID>91949</EventID>
    <EventName>Microsoft financial analyst briefing at the 2011 Mobile World Congress</EventName>
    <EventType>Conferences</EventType>
    <Tags isStrategy="true">
      <Tag>EntertainmentAndDevicesDivision</Tag>
    </Tags>
    <DateTime>
      <UTC>2011-02-14T16:45:00</UTC>
      <Local>2011-02-14T08:45:00</Local>
      <TimeZone>PT-8</TimeZone>
    </DateTime>
    <FiscalYear>2011</FiscalYear>
    <Location></Location>
    <Speaker>
      <Name>Andy Lees</Name>
      <Position>president</Position>
      <Department>Mobile Communications Business </Department>
    </Speaker>
    <ThumbnailImage>
      <Url>http://www.microsoft.com/global/investor/PublishingImages/Events/ThumbnailImages/HomePage/andrewleesportrait.png</Url>
      <AltText></AltText>
    </ThumbnailImage>
    <RecentLinks>
      <Link>
        <Text>Transcript</Text>
        <Icon>http://www.microsoft.com/global/investor/PublishingImages/ICON/ICON_Word.png</Icon>
        <Url>http://view.officeapps.live.com/op/view.aspx?src=http://www.microsoft.com/investor/Downloads/Events/MWC_Andy_Lees_021411.docx</Url>
      </Link>
    </RecentLinks>
    <MobileWebcast>http://www.microsoft.com/EN-US/showcase/details.aspx?uuid=7111be66-7637-43e8-81d6-fda517f4f813</MobileWebcast>
  </Event>
  <Event>
    <EventID>91950</EventID>
    <EventName>ISI Annual Conference</EventName>
    <EventType>Conferences</EventType>
    <Tags isStrategy="true">
      <Tag>Corporate</Tag>
    </Tags>
    <DateTime>
      <UTC>2011-02-15T14:00:00</UTC>
      <Local>2011-02-15T06:00:00</Local>
      <TimeZone>PT-8</TimeZone>
    </DateTime>
    <FiscalYear>2011</FiscalYear>
    <Location></Location>
    <Speaker>
      <Name>Peter Klein</Name>
      <Position>CFO</Position>
      <Department> Microsoft</Department>
    </Speaker>
    <ThumbnailImage>
      <Url>http://www.microsoft.com/global/investor/PublishingImages/Events/ThumbnailImages/HomePage/peterkleinportrait.png</Url>
      <AltText></AltText>
    </ThumbnailImage>
    <RecentLinks>
      <Link>
        <Text>Transcript</Text>
        <Icon>http://www.microsoft.com/global/investor/PublishingImages/ICON/ICON_Word.png</Icon>
        <Url>http://view.officeapps.live.com/op/view.aspx?src=http://www.microsoft.com/investor/Downloads/Events/ISI_PeterKlein_021511.docx</Url>
      </Link>
    </RecentLinks>
    <MobileWebcast> http://www.microsoft.com/EN-US/showcase/details.aspx?uuid=a5976592-faab-46c4-ad07-f1ad5146448e</MobileWebcast>
  </Event>
  <Event>
    <EventID>91952</EventID>
    <EventName>Goldman Sachs Technology &amp; Internet Conference</EventName>
    <EventType>Conferences</EventType>
    <Tags isStrategy="true">
      <Tag>MicrosoftBusinessDivision</Tag>
    </Tags>
    <DateTime>
      <UTC>2011-02-17T00:00:00</UTC>
      <Local>2011-02-16T16:00:00</Local>
      <TimeZone>PT-8</TimeZone>
    </DateTime>
    <FiscalYear>2011</FiscalYear>
    <Location></Location>
    <Speaker>
      <Name>Kurt DelBene</Name>
      <Position>president</Position>
      <Department> Microsoft Office Division</Department>
    </Speaker>
    <ThumbnailImage>
      <Url>http://www.microsoft.com/global/investor/PublishingImages/Events/ThumbnailImages/HomePage/kurtdelbene.png</Url>
      <AltText></AltText>
    </ThumbnailImage>
    <RecentLinks>
      <Link>
        <Text>Transcript</Text>
        <Icon>http://www.microsoft.com/global/investor/PublishingImages/ICON/ICON_Word.png</Icon>
        <Url>http://view.officeapps.live.com/op/view.aspx?src=http://www.microsoft.com/investor/Downloads/Events/Goldman_Sachs_Kurt_Delbene021611.docx</Url>
      </Link>
    </RecentLinks>
    <MobileWebcast>http://www.microsoft.com/EN-US/showcase/details.aspx?uuid=b42685b1-cd46-493a-a44b-1049d537f6ab</MobileWebcast>
  </Event>
  <Event>
    <EventID>90761</EventID>
    <EventName>Keynote at 2011 International Consumer Electronics Show </EventName>
    <EventType>Conferences</EventType>
    <Tags isStrategy="true">
      <Tag>Corporate</Tag>
    </Tags>
    <DateTime>
      <UTC>2011-01-06T02:30:00</UTC>
      <Local>2011-01-05T18:30:00</Local>
      <TimeZone>PT-8</TimeZone>
    </DateTime>
    <FiscalYear>2011</FiscalYear>
    <Location></Location>
    <Speaker>
      <Name>Steve Ballmer</Name>
      <Position>CEO</Position>
      <Department></Department>
    </Speaker>
    <ThumbnailImage>
      <Url>http://www.microsoft.com/global/investor/PublishingImages/Events/ThumbnailImages/HomePage/steveballmerportrait.png</Url>
      <AltText></AltText>
    </ThumbnailImage>
    <RecentLinks>
      <Link>
        <Text></Text>
        <Icon />
        <Url />
      </Link>
    </RecentLinks>
    <MobileWebcast></MobileWebcast>
  </Event>
  <Event>
    <EventID>89802</EventID>
    <EventName>Microsoft Fiscal Year 2011 Second Quarter Earnings Conference Call</EventName>
    <EventType>Earnings</EventType>
    <Tags isStrategy="true">
      <Tag>Corporate</Tag>
    </Tags>
    <DateTime>
      <UTC>2011-01-27T22:30:00</UTC>
      <Local>2011-01-27T14:30:00</Local>
      <TimeZone>PT-8</TimeZone>
    </DateTime>
    <FiscalYear>2011</FiscalYear>
    <Location></Location>
    <Speaker>
      <Name>Peter Klein</Name>
      <Position>CFO</Position>
      <Department></Department>
    </Speaker>
    <ThumbnailImage>
      <Url>http://www.microsoft.com/global/investor/PublishingImages/Events/ThumbnailImages/HomePage/ER11Green_Q2.png</Url>
      <AltText></AltText>
    </ThumbnailImage>
    <RecentLinks>
      <Link>
        <Text>Website</Text>
        <Icon>http://www.microsoft.com/global/investor/PublishingImages/ICON/ICON_Website.png</Icon>
        <Url>http://www.microsoft.com/investor/EarningsAndFinancials/Earnings/PressReleaseAndWebcast/FY11/Q2/default.aspx</Url>
      </Link>
    </RecentLinks>
    <MobileWebcast>http://www.microsoft.com/EN-US/showcase/details.aspx?uuid=7f4b4ab3-7203-4156-870f-cd10d97fa632</MobileWebcast>
  </Event>
  <Event>
    <EventID>89389</EventID>
    <EventName>Credit Suisse Annual Technology Conference</EventName>
    <EventType>Conferences</EventType>
    <Tags isStrategy="true">
      <Tag>EntertainmentAndDevicesDivision</Tag>
    </Tags>
    <DateTime>
      <UTC>2010-12-01T14:45:00</UTC>
      <Local>2010-12-01T07:45:00</Local>
      <TimeZone>MT-7</TimeZone>
    </DateTime>
    <FiscalYear>2011</FiscalYear>
    <Location></Location>
    <Speaker>
      <Name>Dennis Durkin</Name>
      <Position>CVP</Position>
      <Department>COO &amp; CFO, Interactive Entertainment Business</Department>
    </Speaker>
    <ThumbnailImage>
      <Url>http://www.microsoft.com/global/investor/PublishingImages/Events/ThumbnailImages/HomePage/dennisdurkinportrait.png</Url>
      <AltText></AltText>
    </ThumbnailImage>
    <RecentLinks>
      <Link>
        <Text>Transcript</Text>
        <Icon>http://www.microsoft.com/global/investor/PublishingImages/ICON/ICON_Word.png</Icon>
        <Url>http://view.officeapps.live.com/op/view.aspx?src=http://www.microsoft.com/investor/Downloads/Events/CS_DDurkin_1201.docx</Url>
      </Link>
      <Link>
        <Text>Slides</Text>
        <Icon>http://www.microsoft.com/global/investor/PublishingImages/ICON/ICON_PPT.png</Icon>
        <Url>http://view.officeapps.live.com/op/view.aspx?src=http://www.microsoft.com/investor/Downloads/Events/Dennis_Durkin_CSFB_1201.pptx</Url>
      </Link>
    </RecentLinks>
    <MobileWebcast>http://www.microsoft.com/EN-US/showcase/details.aspx?uuid=e4abcac4-0757-419e-bcd1-f38b575756cb</MobileWebcast>
  </Event>
  <Event>
    <EventID>89148</EventID>
    <EventName>NASDAQ OMX Investor Program</EventName>
    <EventType>Conferences</EventType>
    <Tags isStrategy="true">
      <Tag>Corporate</Tag>
    </Tags>
    <DateTime>
      <UTC>2010-12-07T16:30:00</UTC>
      <Local>2010-12-07T08:30:00</Local>
      <TimeZone>PT-8</TimeZone>
    </DateTime>
    <FiscalYear>2011</FiscalYear>
    <Location></Location>
    <Speaker>
      <Name>Charles Songhurst</Name>
      <Position>general manager</Position>
      <Department> Corporate Strategy </Department>
    </Speaker>
    <ThumbnailImage>
      <Url>http://www.microsoft.com/global/investor/PublishingImages/Events/ThumbnailImages/HomePage/charlessonghurstportrait.png</Url>
      <AltText></AltText>
    </ThumbnailImage>
    <RecentLinks>
      <Link>
        <Text>Transcript</Text>
        <Icon>http://www.microsoft.com/global/investor/PublishingImages/ICON/ICON_Word.png</Icon>
        <Url>http://view.officeapps.live.com/op/view.aspx?src=http://www.microsoft.com/investor/Downloads/Events/NASDAQ_OMX_Investor_Songhurst_1207.docx</Url>
      </Link>
    </RecentLinks>
    <MobileWebcast>http://www.microsoft.com/EN-US/showcase/details.aspx?uuid=3f18997c-0275-442f-975f-a05899af393b</MobileWebcast>
  </Event>
  <Event>
    <EventID>87897</EventID>
    <EventName>PDC &amp; Windows Azure Momentum Recap</EventName>
    <EventType>Conferences</EventType>
    <Tags isStrategy="true">
      <Tag>ServerAndTools</Tag>
    </Tags>
    <DateTime>
      <UTC>2010-11-02T19:00:00</UTC>
      <Local>2010-11-02T12:00:00</Local>
      <TimeZone>PT-8</TimeZone>
    </DateTime>
    <FiscalYear>2011</FiscalYear>
    <Location></Location>
    <Speaker>
      <Name>Charlie Di Bona</Name>
      <Position>general manager</Position>
      <Department> Server &amp; Tools</Department>
    </Speaker>
    <ThumbnailImage>
      <Url>http://www.microsoft.com/global/investor/PublishingImages/Events/ThumbnailImages/HomePage/charliedibonaportrait.png</Url>
      <AltText></AltText>
    </ThumbnailImage>
    <RecentLinks>
      <Link>
        <Text>Transcript</Text>
        <Icon>http://www.microsoft.com/global/investor/PublishingImages/ICON/ICON_Word.png</Icon>
        <Url>http://view.officeapps.live.com/op/view.aspx?src=http://www.microsoft.com/investor/Downloads/Events/PDC_DiBona_110210.docx</Url>
      </Link>
      <Link>
        <Text>Slides</Text>
        <Icon>http://www.microsoft.com/global/investor/PublishingImages/ICON/ICON_PPT.png</Icon>
        <Url>http://view.officeapps.live.com/op/view.aspx?src=http://www.microsoft.com/investor/Downloads/Events/DiBona_CloudUpdate.pptx</Url>
      </Link>
    </RecentLinks>
    <MobileWebcast>http://www.microsoft.com/EN-US/showcase/details.aspx?uuid=f7425d86-78c9-4231-9468-f6aee3821b2c</MobileWebcast>
  </Event>
  <Event>
    <EventID>87898</EventID>
    <EventName>BMO Digital Entertainment Conference</EventName>
    <EventType>Conferences</EventType>
    <Tags isStrategy="false">
      <Tag>EntertainmentAndDevicesDivision</Tag>
    </Tags>
    <DateTime>
      <UTC>2010-11-11T17:00:00</UTC>
      <Local>2010-11-11T09:00:00</Local>
      <TimeZone>PT-8</TimeZone>
    </DateTime>
    <FiscalYear>2011</FiscalYear>
    <Location></Location>
    <Speaker>
      <Name>Dennis Durkin</Name>
      <Position>CVP, COO and CFO</Position>
      <Department>Interactive Entertainment Business</Department>
    </Speaker>
    <ThumbnailImage>
      <Url>http://www.microsoft.com/global/investor/PublishingImages/Events/ThumbnailImages/HomePage/dennisdurkinportrait.png</Url>
      <AltText></AltText>
    </ThumbnailImage>
    <RecentLinks>
      <Link>
        <Text>Transcript</Text>
        <Icon>http://www.microsoft.com/global/investor/PublishingImages/ICON/ICON_Word.png</Icon>
        <Url>http://view.officeapps.live.com/op/view.aspx?src=http://www.microsoft.com/investor/Downloads/Events/BMO_Durkin_1110.docx</Url>
      </Link>
      <Link>
        <Text>Slides</Text>
        <Icon>http://www.microsoft.com/global/investor/PublishingImages/ICON/ICON_PPT.png</Icon>
        <Url>http://view.officeapps.live.com/op/view.aspx?src=http://www.microsoft.com/investor/Downloads/Events/DennisDurkin_BMO_1110.pptx</Url>
      </Link>
    </RecentLinks>
    <MobileWebcast>http://www.microsoft.com/EN-US/showcase/details.aspx?uuid=1b0f690c-7949-4131-93cc-5b00191f239a</MobileWebcast>
  </Event>
  <Event>
    <EventID>86236</EventID>
    <EventName>Microsoft Fiscal Year 2011 First Quarter Earnings Conference Call</EventName>
    <EventType>Earnings</EventType>
    <Tags isStrategy="false">
      <Tag>Corporate</Tag>
      <Tag>WindowsAndWindowsLiveDivision</Tag>
      <Tag>ServerAndTools</Tag>
      <Tag>MicrosoftBusinessDivision</Tag>
      <Tag>OnlineServicesDivision</Tag>
      <Tag>EntertainmentAndDevicesDivision</Tag>
      <Tag>Client</Tag>
      <Tag>OnlineServicesBusiness</Tag>
    </Tags>
    <DateTime>
      <UTC>2010-10-28T21:30:00</UTC>
      <Local>2010-10-28T14:30:00</Local>
      <TimeZone>PT-8</TimeZone>
    </DateTime>
    <FiscalYear>2011</FiscalYear>
    <Location></Location>
    <Speaker>
      <Name>Earnings release after market closes</Name>
      <Position></Position>
      <Department></Department>
    </Speaker>
    <ThumbnailImage>
      <Url>http://www.microsoft.com/global/investor/PublishingImages/Events/ThumbnailImages/HomePage/ER11Green_Q1.png</Url>
      <AltText></AltText>
    </ThumbnailImage>
    <RecentLinks>
      <Link>
        <Text>Website</Text>
        <Icon>http://www.microsoft.com/global/investor/PublishingImages/ICON/ICON_Website.png</Icon>
        <Url>http://www.microsoft.com/investor/EarningsAndFinancials/Earnings/PressReleaseAndWebcast/FY11/Q1/default.aspx</Url>
      </Link>
    </RecentLinks>
    <MobileWebcast>http://www.microsoft.com/EN-US/showcase/details.aspx?uuid=8eb2b912-87c0-428e-b708-bef8655c7d4e</MobileWebcast>
  </Event>
  <Event>
    <EventID>86116</EventID>
    <EventName>CLSA Investors Forum</EventName>
    <EventType>Conferences</EventType>
    <Tags isStrategy="false">
      <Tag>Corporate</Tag>
    </Tags>
    <DateTime>
      <UTC>2010-09-16T07:00:00</UTC>
      <Local>2010-09-16T00:00:00</Local>
      <TimeZone>PT-8</TimeZone>
    </DateTime>
    <FiscalYear>2011</FiscalYear>
    <Location></Location>
    <Speaker>
      <Name>Bill Koefoed</Name>
      <Position>General Manager</Position>
      <Department> Investor Relations</Department>
    </Speaker>
    <ThumbnailImage>
      <Url>http://www.microsoft.com/global/investor/PublishingImages/Events/ThumbnailImages/HomePage/billkoefedportrait.png</Url>
      <AltText></AltText>
    </ThumbnailImage>
    <RecentLinks>
      <Link>
        <Text>Transcript</Text>
        <Icon>http://www.microsoft.com/global/investor/PublishingImages/ICON/ICON_Word.png</Icon>
        <Url>http://view.officeapps.live.com/op/view.aspx?src=http://www.microsoft.com/investor/Downloads/Events/CLSA_Koefoed_091610.docx</Url>
      </Link>
      <Link>
        <Text>Slides</Text>
        <Icon>http://www.microsoft.com/global/investor/PublishingImages/ICON/ICON_PPT.png</Icon>
        <Url>http://view.officeapps.live.com/op/view.aspx?src=http://www.microsoft.com/investor/Downloads/Events/Koefoed_CLSA_091610.pptx</Url>
      </Link>
    </RecentLinks>
    <MobileWebcast>http://www.microsoft.com/EN-US/showcase/details.aspx?uuid=c0a27ac5-d315-4b5d-b3b0-7ce2fe1c8040</MobileWebcast>
  </Event>
  <Event>
    <EventID>85594</EventID>
    <EventName>Citi Global Technology Conference</EventName>
    <EventType>Conferences</EventType>
    <Tags isStrategy="false">
      <Tag>Corporate</Tag>
    </Tags>
    <DateTime>
      <UTC>2010-09-07T16:00:00</UTC>
      <Local>2010-09-07T12:00:00</Local>
      <TimeZone>ET-5</TimeZone>
    </DateTime>
    <FiscalYear>2011</FiscalYear>
    <Location></Location>
    <Speaker>
      <Name>Peter Klein</Name>
      <Position> Chief Financial Officer</Position>
      <Department></Department>
    </Speaker>
    <ThumbnailImage>
      <Url>http://www.microsoft.com/global/investor/PublishingImages/Events/ThumbnailImages/HomePage/peterkleinportrait.png</Url>
      <AltText></AltText>
    </ThumbnailImage>
    <RecentLinks>
      <Link>
        <Text>Transcript</Text>
        <Icon>http://www.microsoft.com/global/investor/PublishingImages/ICON/ICON_Word.png</Icon>
        <Url>http://view.officeapps.live.com/op/view.aspx?src=http://www.microsoft.com/investor/Downloads/Events/Citi_Klein_090710.docx</Url>
      </Link>
    </RecentLinks>
    <MobileWebcast>http://www.microsoft.com/EN-US/showcase/details.aspx?uuid=72989d86-9bde-46f6-9faa-b8d273ce2233</MobileWebcast>
  </Event>
  <Event>
    <EventID>85616</EventID>
    <EventName>Deutsche Bank Technology Conference</EventName>
    <EventType>Conferences</EventType>
    <Tags isStrategy="true">
      <Tag>EntertainmentAndDevicesDivision</Tag>
    </Tags>
    <DateTime>
      <UTC>2010-09-16T18:30:00</UTC>
      <Local>2010-09-16T11:30:00</Local>
      <TimeZone>PT-8</TimeZone>
    </DateTime>
    <FiscalYear>2011</FiscalYear>
    <Location></Location>
    <Speaker>
      <Name>Tivanka Ellawala</Name>
      <Position> CFO</Position>
      <Department> Mobile Communications Business</Department>
    </Speaker>
    <ThumbnailImage>
      <Url>http://www.microsoft.com/global/investor/PublishingImages/Events/ThumbnailImages/HomePage/tivankaportrait.png</Url>
      <AltText></AltText>
    </ThumbnailImage>
    <RecentLinks>
      <Link>
        <Text>Transcript</Text>
        <Icon>http://www.microsoft.com/global/investor/PublishingImages/ICON/ICON_Word.png</Icon>
        <Url>http://view.officeapps.live.com/op/view.aspx?src=http://www.microsoft.com/investor/Downloads/Events/DeutscheBank_Ellawala_091610.docx</Url>
      </Link>
    </RecentLinks>
    <MobileWebcast>http://www.microsoft.com/EN-US/showcase/details.aspx?uuid=1f434349-828c-4e4a-83ea-b9d3b30b4422</MobileWebcast>
  </Event>
  <Event>
    <EventID>85055</EventID>
    <EventName>2010 Microsoft Annual Meeting of Shareholders</EventName>
    <EventType>ShareholderMeeting</EventType>
    <Tags isStrategy="false">
      <Tag>Corporate</Tag>
    </Tags>
    <DateTime>
      <UTC>2010-11-16T16:00:00</UTC>
      <Local>2010-11-16T08:00:00</Local>
      <TimeZone>PT-8</TimeZone>
    </DateTime>
    <FiscalYear>2011</FiscalYear>
    <Location></Location>
    <Speaker>
      <Name>Meydenbauer Center</Name>
      <Position> Bellevue</Position>
      <Department>WA</Department>
    </Speaker>
    <ThumbnailImage>
      <Url>http://www.microsoft.com/global/investor/PublishingImages/Events/ThumbnailImages/HomePage/Default_MSFT.png</Url>
      <AltText></AltText>
    </ThumbnailImage>
    <RecentLinks>
      <Link>
        <Text>Transcript</Text>
        <Icon>http://www.microsoft.com/global/investor/PublishingImages/ICON/ICON_Word.png</Icon>
        <Url>http://view.officeapps.live.com/op/view.aspx?src=http://www.microsoft.com/investor/Downloads/Events/2010_Microsoft_ASM_Transcript.docx</Url>
      </Link>
    </RecentLinks>
    <MobileWebcast>http://www.microsoft.com/EN-US/showcase/details.aspx?uuid=d027be12-aa02-45e3-b72a-fb944e660c5d</MobileWebcast>
  </Event>
  <Event>
    <EventID>84596</EventID>
    <EventName>Oppenheimer Annual Technology, Media &amp; Telecommunications Conference</EventName>
    <EventType>Conferences</EventType>
    <Tags isStrategy="false">
      <Tag>Corporate</Tag>
    </Tags>
    <DateTime>
      <UTC>2010-08-10T15:50:00</UTC>
      <Local>2010-08-10T11:50:00</Local>
      <TimeZone>ET-5</TimeZone>
    </DateTime>
    <FiscalYear>2011</FiscalYear>
    <Location></Location>
    <Speaker>
      <Name>Bill Koefoed</Name>
      <Position> General Manager</Position>
      <Department> Investor Relations</Department>
    </Speaker>
    <ThumbnailImage>
      <Url>http://www.microsoft.com/global/investor/PublishingImages/Events/ThumbnailImages/HomePage/billkoefedportrait.png</Url>
      <AltText></AltText>
    </ThumbnailImage>
    <RecentLinks>
      <Link>
        <Text>Transcript</Text>
        <Icon>http://www.microsoft.com/global/investor/PublishingImages/ICON/ICON_Word.png</Icon>
        <Url>http://view.officeapps.live.com/op/view.aspx?src=http://www.microsoft.com/investor/Downloads/Events/Oppenheimer_Koefoed_081010.docx</Url>
      </Link>
    </RecentLinks>
    <MobileWebcast>http://www.microsoft.com/EN-US/showcase/details.aspx?uuid=682cb45f-6857-420e-af56-1f646421bb0d</MobileWebcast>
  </Event>
  <Event>
    <EventID>84598</EventID>
    <EventName>Pacific Crest Technology Leadership Forum</EventName>
    <EventType>Conferences</EventType>
    <Tags isStrategy="false">
      <Tag>Corporate</Tag>
    </Tags>
    <DateTime>
      <UTC>2010-08-10T18:30:00</UTC>
      <Local>2010-08-10T12:30:00</Local>
      <TimeZone>MT-7</TimeZone>
    </DateTime>
    <FiscalYear>2011</FiscalYear>
    <Location></Location>
    <Speaker>
      <Name>Robert Youngjohns</Name>
      <Position> SVP and President</Position>
      <Department> North America Sales &amp; Marketing</Department>
    </Speaker>
    <ThumbnailImage>
      <Url>http://www.microsoft.com/global/investor/PublishingImages/Events/ThumbnailImages/HomePage/robertyoungjohnsportrait.png</Url>
      <AltText></AltText>
    </ThumbnailImage>
    <RecentLinks>
      <Link>
        <Text>Transcript</Text>
        <Icon>http://www.microsoft.com/global/investor/PublishingImages/ICON/ICON_Word.png</Icon>
        <Url>http://view.officeapps.live.com/op/view.aspx?src=http://www.microsoft.com/investor/Downloads/Events/pacificCrest_Youngjohns_081010.docx</Url>
      </Link>
    </RecentLinks>
    <MobileWebcast>http://www.microsoft.com/EN-US/showcase/details.aspx?uuid=870c571f-e6f5-4f82-8f5d-330cc6d79e25</MobileWebcast>
  </Event>
  <Event>
    <EventID>80759</EventID>
    <EventName>Microsoft Financial Analyst Meeting</EventName>
    <EventType>FAM</EventType>
    <Tags isStrategy="true">
      <Tag>Corporate</Tag>
      <Tag>WindowsAndWindowsLiveDivision</Tag>
      <Tag>ServerAndTools</Tag>
      <Tag>MicrosoftBusinessDivision</Tag>
      <Tag>OnlineServicesDivision</Tag>
      <Tag>EntertainmentAndDevicesDivision</Tag>
    </Tags>
    <DateTime>
      <UTC>2010-07-29T15:00:00</UTC>
      <Local>2010-07-29T08:00:00</Local>
      <TimeZone>PT-8</TimeZone>
    </DateTime>
    <FiscalYear>2011</FiscalYear>
    <Location></Location>
    <Speaker>
      <Name></Name>
      <Position></Position>
      <Department></Department>
    </Speaker>
    <ThumbnailImage>
      <Url>http://www.microsoft.com/global/investor/PublishingImages/Events/ThumbnailImages/HomePage/FAM2010.png</Url>
      <AltText></AltText>
    </ThumbnailImage>
    <RecentLinks />
    <MobileWebcast></MobileWebcast>
    <FAMEventLink>http://www.microsoft.com/investor/DataSourceProvider.aspx?source=FAM2010</FAMEventLink>
  </Event>
  <Event>
    <EventID>7736a34a-2337-4ba5-8edf-b883c7c1cabd</EventID>
    <EventName>Windows Internet Explorer 9 Beta Keynote Presentation</EventName>
    <EventType>Conferences</EventType>
    <Tags isStrategy="false">
      <Tag>WindowsAndWindowsLiveDivision</Tag>
      <Tag>Corporate</Tag>
    </Tags>
    <DateTime>
      <UTC>2010-09-15T16:00:00</UTC>
      <Local>2010-09-15T09:00:00</Local>
      <TimeZone>PT-8</TimeZone>
    </DateTime>
    <FiscalYear>2011</FiscalYear>
    <Location></Location>
    <Speaker>
      <Name>Dean Hachamovitch</Name>
      <Position>Corporate Vice President</Position>
      <Department>Windows Internet Explorer</Department>
    </Speaker>
    <ThumbnailImage>
      <Url>http://www.microsoft.com/global/investor/PublishingImages/Events/ThumbnailImages/HomePage/IE9Beta03.png</Url>
      <AltText></AltText>
    </ThumbnailImage>
    <RecentLinks>
      <Link>
        <Text>Transcript</Text>
        <Icon>http://www.microsoft.com/global/investor/PublishingImages/ICON/ICON_Word.png</Icon>
        <Url>http://www.microsoft.com/presspass/exec/hachamovitch/09-15-10IE9.mspx</Url>
      </Link>
    </RecentLinks>
    <MobileWebcast></MobileWebcast>
  </Event>
</Events>