<IRAnalystMeeting>
  <Title>Financial Analyst Meeting 2011</Title>
  <SubTitle>
    <div style="BORDER-BOTTOM: #f0efef 1px solid; PADDING-BOTTOM: 10px; MARGIN-BOTTOM: 10px; COLOR: #000000; FONT-SIZE: 16px; OVERFLOW: hidden; FONT-WEIGHT: bold" xmlns="http://www.w3.org/1999/xhtml" xmlns:xsi="http://www.w3.org/2001/XMLSchema-instance" xmlns:ns1="http://schemas.microsoft.com/office/infopath/2003/myXSD/2008-04-20T09:10:41" xmlns:dfs="http://schemas.microsoft.com/office/infopath/2003/dataFormSolution" xmlns:c="http://schemas.microsoft.com/Csp/Content" xmlns:xhtml="http://www.w3.org/1999/xhtml" xmlns:ns2="http://schemas.microsoft.com/office/infopath/2003/myXSD/2010-03-17T06:10:19" xmlns:xd="http://schemas.microsoft.com/office/infopath/2003" xmlns:my="http://schemas.microsoft.com/office/infopath/2003/myXSD/2010-04-22T09:16:39">Event Details </div>
    <ul style="LIST-STYLE-TYPE: none; MARGIN: 12px 0px 10px; PADDING-LEFT: 0px" xmlns="http://www.w3.org/1999/xhtml" xmlns:xsi="http://www.w3.org/2001/XMLSchema-instance" xmlns:ns1="http://schemas.microsoft.com/office/infopath/2003/myXSD/2008-04-20T09:10:41" xmlns:dfs="http://schemas.microsoft.com/office/infopath/2003/dataFormSolution" xmlns:c="http://schemas.microsoft.com/Csp/Content" xmlns:xhtml="http://www.w3.org/1999/xhtml" xmlns:ns2="http://schemas.microsoft.com/office/infopath/2003/myXSD/2010-03-17T06:10:19" xmlns:xd="http://schemas.microsoft.com/office/infopath/2003" xmlns:my="http://schemas.microsoft.com/office/infopath/2003/myXSD/2010-04-22T09:16:39">
      <li style="OVERFLOW: hidden">• <a href="http://www.buildwindows.com/" target="_blank">BUILD Event Site</a></li>
      <li style="OVERFLOW: hidden">• <a href="http://www.microsoft.com/presspass/events/build/ " target="_blank">BUILD Newsroom</a></li>
    </ul>
  </SubTitle>
  <BannerImage>
    <Url>http://www.microsoft.com/global/investor/PublishingImages/Events/FAMBanners/FAMBanner2011.png</Url>
    <AltText></AltText>
  </BannerImage>
  <Segments>
    <Segment>
      <SegmentID>634187497126228784</SegmentID>
      <ThumbnailImage>
        <Url>http://www.microsoft.com/global/investor/PublishingImages/Events/Speakers/Bill_Koefoed.png</Url>
        <AltText></AltText>
      </ThumbnailImage>
      <Tags isStrategy="false">
        <Tag>Corporate</Tag>
      </Tags>
      <Speaker>
        <Name>Bill Koefoed</Name>
        <Position>General Manager</Position>
        <Department>Investor Relations</Department>
      </Speaker>
      <LinkItems>
        <Link>
          <Text>Slides</Text>
          <Icon>http://www.microsoft.com/global/investor/PublishingImages/ICON/ICON_PPT.png</Icon>
          <Url>http://view.officeapps.live.com/op/view.aspx?src=http://www.microsoft.com/investor/Downloads/Events/Koefoed_091411_FAM2011.pptx</Url>
        </Link>
        <Link>
          <Text>Transcript</Text>
          <Icon>http://www.microsoft.com/global/investor/PublishingImages/ICON/ICON_Word.png</Icon>
          <Url>http://view.officeapps.live.com/op/view.aspx?src=http://www.microsoft.com/investor/downloads/events/09142011_FAM_Koefoed.docx</Url>
        </Link>
      </LinkItems>
      <MobileWebcast>http://www.microsoft.com/EN-US/showcase/details.aspx?uuid=3d7c5749-d55e-4e39-89b4-cb1ba1a1af50 </MobileWebcast>
    </Segment>
    <Segment>
      <SegmentID>634187497128178784</SegmentID>
      <ThumbnailImage>
        <Url>/global/investor/PublishingImages/Events/Speakers/Kevin%20Turner.png</Url>
        <AltText></AltText>
      </ThumbnailImage>
      <Tags isStrategy="false">
        <Tag>Corporate</Tag>
      </Tags>
      <Speaker>
        <Name>Kevin Turner</Name>
        <Position>Chief Operating Officer</Position>
        <Department></Department>
      </Speaker>
      <LinkItems>
        <Link>
          <Text>Slides</Text>
          <Icon>http://www.microsoft.com/global/investor/PublishingImages/ICON/ICON_PPT.png</Icon>
          <Url>http://view.officeapps.live.com/op/view.aspx?src=http://www.microsoft.com/investor/Downloads/Events/Turner_091411_FAM2011.pptx</Url>
        </Link>
        <Link>
          <Text>Transcript</Text>
          <Icon>http://www.microsoft.com/global/investor/PublishingImages/ICON/ICON_Word.png</Icon>
          <Url>http://view.officeapps.live.com/op/view.aspx?src=http://www.microsoft.com/investor/downloads/events/09142011_FAM_Turner.docx</Url>
        </Link>
      </LinkItems>
      <MobileWebcast>http://www.microsoft.com/EN-US/showcase/details.aspx?uuid=256786ec-c938-45a8-b277-fd945feb887b </MobileWebcast>
    </Segment>
    <Segment>
      <SegmentID>634187497134538784</SegmentID>
      <ThumbnailImage>
        <Url>/global/investor/PublishingImages/Events/Speakers/PeterKlein.png</Url>
        <AltText></AltText>
      </ThumbnailImage>
      <Tags isStrategy="false">
        <Tag>Corporate</Tag>
      </Tags>
      <Speaker>
        <Name>Peter Klein</Name>
        <Position>Chief Financial Officer</Position>
        <Department></Department>
      </Speaker>
      <LinkItems>
        <Link>
          <Text>Slides</Text>
          <Icon>http://www.microsoft.com/global/investor/PublishingImages/ICON/ICON_PPT.png</Icon>
          <Url>http://view.officeapps.live.com/op/view.aspx?src=http://www.microsoft.com/investor/downloads/events/Klein_09142011_FAM2011.pptx</Url>
        </Link>
        <Link>
          <Text>Transcript</Text>
          <Icon>http://www.microsoft.com/global/investor/PublishingImages/ICON/ICON_Word.png</Icon>
          <Url>http://view.officeapps.live.com/op/view.aspx?src=http://www.microsoft.com/investor/downloads/events/09142011_FAM_Klein.docx</Url>
        </Link>
      </LinkItems>
      <MobileWebcast> http://www.microsoft.com/EN-US/showcase/details.aspx?uuid=69c03cf7-fc13-4f84-9ef9-2c1f802e47a3 </MobileWebcast>
    </Segment>
    <Segment>
      <SegmentID>634187497129788784</SegmentID>
      <ThumbnailImage>
        <Url>http://www.microsoft.com/global/investor/PublishingImages/Events/Speakers/QI%20Lu.png</Url>
        <AltText></AltText>
      </ThumbnailImage>
      <Tags isStrategy="false">
        <Tag>OnlineServicesDivision</Tag>
      </Tags>
      <Speaker>
        <Name>Qi Lu</Name>
        <Position>President</Position>
        <Department>Online Services Division</Department>
      </Speaker>
      <LinkItems>
        <Link>
          <Text>Slides</Text>
          <Icon>http://www.microsoft.com/global/investor/PublishingImages/ICON/ICON_PPT.png</Icon>
          <Url>http://view.officeapps.live.com/op/view.aspx?src=http://www.microsoft.com/investor/downloads/events/Lu_091411_FAM2011.pptx</Url>
        </Link>
        <Link>
          <Text>Transcript</Text>
          <Icon>http://www.microsoft.com/global/investor/PublishingImages/ICON/ICON_Word.png</Icon>
          <Url>http://view.officeapps.live.com/op/view.aspx?src=http://www.microsoft.com/investor/downloads/events/09142011_FAM_Qi.docx</Url>
        </Link>
      </LinkItems>
      <MobileWebcast>http://www.microsoft.com/EN-US/showcase/details.aspx?uuid=ce3dda66-204c-4d6a-a51b-df2997c3322d </MobileWebcast>
    </Segment>
    <Segment>
      <SegmentID>634187497131358784</SegmentID>
      <ThumbnailImage>
        <Url>http://www.microsoft.com/global/investor/PublishingImages/Events/Speakers/nadella.png</Url>
        <AltText></AltText>
      </ThumbnailImage>
      <Tags isStrategy="false">
        <Tag>ServerAndTools</Tag>
      </Tags>
      <Speaker>
        <Name>Satya Nadella</Name>
        <Position>President</Position>
        <Department>Server &amp; Tools</Department>
      </Speaker>
      <LinkItems>
        <Link>
          <Text>Slides</Text>
          <Icon>http://www.microsoft.com/global/investor/PublishingImages/ICON/ICON_PPT.png</Icon>
          <Url>http://view.officeapps.live.com/op/view.aspx?src=http://www.microsoft.com/investor/downloads/events/Nadella_091411_FAM2011.pptx</Url>
        </Link>
        <Link>
          <Text>Transcript</Text>
          <Icon>http://www.microsoft.com/global/investor/PublishingImages/ICON/ICON_Word.png</Icon>
          <Url>http://view.officeapps.live.com/op/view.aspx?src=http://www.microsoft.com/investor/downloads/events/09142011_FAM_Nadella.docx</Url>
        </Link>
      </LinkItems>
      <MobileWebcast>http://www.microsoft.com/EN-US/showcase/details.aspx?uuid=e26ac076-275b-4c29-b80e-215c3c0f4ef1 </MobileWebcast>
    </Segment>
    <Segment>
      <SegmentID>634187497132978784</SegmentID>
      <ThumbnailImage>
        <Url>http://www.microsoft.com/global/investor/PublishingImages/Events/Speakers/Steve%20Ballmer.png</Url>
        <AltText></AltText>
      </ThumbnailImage>
      <Tags isStrategy="false">
        <Tag>Corporate</Tag>
      </Tags>
      <Speaker>
        <Name>Steve Ballmer</Name>
        <Position>Chief Executive Officer</Position>
        <Department></Department>
      </Speaker>
      <LinkItems>
        <Link>
          <Text>Slides</Text>
          <Icon>http://www.microsoft.com/global/investor/PublishingImages/ICON/ICON_PPT.png</Icon>
          <Url>http://view.officeapps.live.com/op/view.aspx?src=http://www.microsoft.com/investor/downloads/events/Ballmer_091411_FAM2011.pptx</Url>
        </Link>
        <Link>
          <Text>Transcript</Text>
          <Icon>http://www.microsoft.com/global/investor/PublishingImages/ICON/ICON_Word.png</Icon>
          <Url>http://view.officeapps.live.com/op/view.aspx?src=http://www.microsoft.com/investor/downloads/events/09142011_FAM_Ballmer.docx</Url>
        </Link>
      </LinkItems>
      <MobileWebcast>http://www.microsoft.com/EN-US/showcase/details.aspx?uuid=c2b26293-2e5f-4799-a58b-9ae01453f99e </MobileWebcast>
    </Segment>
    <Segment>
      <SegmentID>634187497136078784</SegmentID>
      <ThumbnailImage>
        <Url>http://www.microsoft.com/global/investor/PublishingImages/Events/Speakers/Default_AFM.png</Url>
        <AltText></AltText>
      </ThumbnailImage>
      <Tags isStrategy="false" />
      <Speaker>
        <Name>Q&amp;A</Name>
        <Position></Position>
        <Department></Department>
      </Speaker>
      <LinkItems>
        <Link>
          <Text>Transcript</Text>
          <Icon>http://www.microsoft.com/global/investor/PublishingImages/ICON/ICON_Word.png</Icon>
          <Url>http://view.officeapps.live.com/op/view.aspx?src=http://www.microsoft.com/investor/downloads/events/09142011_FAM_ExecQA.docx</Url>
        </Link>
      </LinkItems>
      <MobileWebcast>http://www.microsoft.com/EN-US/showcase/details.aspx?uuid=7df9d516-55e7-4702-8cf4-315b8504a326 </MobileWebcast>
    </Segment>
  </Segments>
</IRAnalystMeeting>