<IRStockSplit>
  <StockSplitTitle>Dividends and Stock History</StockSplitTitle>
  <StockSplitContents>
    <Content type="qa">
      <ContentTitle>Dividend Information</ContentTitle>
      <HtmlBody />
      <ListItemBody>
        <Icon />
        <ListItems>
          <ListItem>
            <Text></Text>
            <Target>_blank</Target>
            <Url />
          </ListItem>
        </ListItems>
      </ListItemBody>
      <HtmlAndListItemBody>
        <Icon />
        <HtmlContent />
        <ListItems>
          <ListItem>
            <Text></Text>
            <Target>_blank</Target>
            <Url />
          </ListItem>
        </ListItems>
      </HtmlAndListItemBody>
      <QuestionAndAnswerBody>
        <Icon />
        <QuestionAndAnswers>
          <QuestionAndAnswer>
            <Question>Direct Stock Purchase and Dividend Reinvestment Plan</Question>
            <Answer>
              American Stock Transfer, Microsoft's transfer agent, administers a direct stock purchase plan and a dividend reinvestment program for the company. To find out more about these programs you may contact AST directly at (800) 285-7772, Option 1, between the hours of 5 A.M. and 4 P.M. Pacific Time, Monday through Thursday, and 5 A.M. and 2 P.M. Pacific Time on Fridays. Alternatively, you can the view program online by going to <a href="http://www.amstock.com/company/microsoft.asp" target="_blank" xmlns="http://www.w3.org/1999/xhtml" xmlns:ns1="http://schemas.microsoft.com/office/infopath/2003/myXSD/2008-04-20T09:10:41" xmlns:dfs="http://schemas.microsoft.com/office/infopath/2003/dataFormSolution" xmlns:c="http://schemas.microsoft.com/Csp/Content" xmlns:xhtml="http://www.w3.org/1999/xhtml" xmlns:xsi="http://www.w3.org/2001/XMLSchema-instance" xmlns:ns2="http://schemas.microsoft.com/office/infopath/2003/myXSD/2010-03-23T02:55:36" xmlns:my="http://schemas.microsoft.com/office/infopath/2003/myXSD/2010-04-13T08:15:53" xmlns:xd="http://schemas.microsoft.com/office/infopath/2003">AST’s Web site</a>.
            </Answer>
          </QuestionAndAnswer>
          <QuestionAndAnswer>
            <Question>Quarterly Dividend </Question>
            <Answer>Microsoft pays a quarterly dividend of $0.20 per share. <a href="http://www.microsoft.com/en-us/news/press/2012/jun12/06-13DividendPR.aspx" target="_blank" xmlns="http://www.w3.org/1999/xhtml" xmlns:ns1="http://schemas.microsoft.com/office/infopath/2003/myXSD/2008-04-20T09:10:41" xmlns:dfs="http://schemas.microsoft.com/office/infopath/2003/dataFormSolution" xmlns:c="http://schemas.microsoft.com/Csp/Content" xmlns:xhtml="http://www.w3.org/1999/xhtml" xmlns:xsi="http://www.w3.org/2001/XMLSchema-instance" xmlns:ns2="http://schemas.microsoft.com/office/infopath/2003/myXSD/2010-03-23T02:55:36" xmlns:my="http://schemas.microsoft.com/office/infopath/2003/myXSD/2010-04-13T08:15:53" xmlns:xd="http://schemas.microsoft.com/office/infopath/2003">Read the press release</a>. </Answer>
          </QuestionAndAnswer>
          <QuestionAndAnswer>
            <Question>Microsoft's Dividend History</Question>
            <Answer>
              <div xmlns="http://www.w3.org/1999/xhtml" xmlns:ns1="http://schemas.microsoft.com/office/infopath/2003/myXSD/2008-04-20T09:10:41" xmlns:dfs="http://schemas.microsoft.com/office/infopath/2003/dataFormSolution" xmlns:c="http://schemas.microsoft.com/Csp/Content" xmlns:xhtml="http://www.w3.org/1999/xhtml" xmlns:xsi="http://www.w3.org/2001/XMLSchema-instance" xmlns:ns2="http://schemas.microsoft.com/office/infopath/2003/myXSD/2010-03-23T02:55:36" xmlns:my="http://schemas.microsoft.com/office/infopath/2003/myXSD/2010-04-13T08:15:53" xmlns:xd="http://schemas.microsoft.com/office/infopath/2003">This table lists the dividend payments, amounts, and key dates:</div>
              <br xmlns="http://www.w3.org/1999/xhtml" xmlns:ns1="http://schemas.microsoft.com/office/infopath/2003/myXSD/2008-04-20T09:10:41" xmlns:dfs="http://schemas.microsoft.com/office/infopath/2003/dataFormSolution" xmlns:c="http://schemas.microsoft.com/Csp/Content" xmlns:xhtml="http://www.w3.org/1999/xhtml" xmlns:xsi="http://www.w3.org/2001/XMLSchema-instance" xmlns:ns2="http://schemas.microsoft.com/office/infopath/2003/myXSD/2010-03-23T02:55:36" xmlns:my="http://schemas.microsoft.com/office/infopath/2003/myXSD/2010-04-13T08:15:53" xmlns:xd="http://schemas.microsoft.com/office/infopath/2003" />
              <div xmlns="http://www.w3.org/1999/xhtml" xmlns:ns1="http://schemas.microsoft.com/office/infopath/2003/myXSD/2008-04-20T09:10:41" xmlns:dfs="http://schemas.microsoft.com/office/infopath/2003/dataFormSolution" xmlns:c="http://schemas.microsoft.com/Csp/Content" xmlns:xhtml="http://www.w3.org/1999/xhtml" xmlns:xsi="http://www.w3.org/2001/XMLSchema-instance" xmlns:ns2="http://schemas.microsoft.com/office/infopath/2003/myXSD/2010-03-23T02:55:36" xmlns:my="http://schemas.microsoft.com/office/infopath/2003/myXSD/2010-04-13T08:15:53" xmlns:xd="http://schemas.microsoft.com/office/infopath/2003">
                <strong>Quarterly Dividend</strong>
              </div>
              <div style="POSITIONxx: relative" xmlns="http://www.w3.org/1999/xhtml" xmlns:ns1="http://schemas.microsoft.com/office/infopath/2003/myXSD/2008-04-20T09:10:41" xmlns:dfs="http://schemas.microsoft.com/office/infopath/2003/dataFormSolution" xmlns:c="http://schemas.microsoft.com/Csp/Content" xmlns:xhtml="http://www.w3.org/1999/xhtml" xmlns:xsi="http://www.w3.org/2001/XMLSchema-instance" xmlns:ns2="http://schemas.microsoft.com/office/infopath/2003/myXSD/2010-03-23T02:55:36" xmlns:my="http://schemas.microsoft.com/office/infopath/2003/myXSD/2010-04-13T08:15:53" xmlns:xd="http://schemas.microsoft.com/office/infopath/2003">
                <table class="msoUcTable" tabIndex="-1" cellspacing="1">
                  <colgroup>
                    <col />
                    <col />
                    <col />
                    <col />
                    <col />
                    <col />
                  </colgroup>
                  <tbody>
                    <tr>
                      <th>
                        
                            Dividend <br />Period 
                          
                      </th>
                      <th>
                        
                            Amount
                          
                      </th>
                      <th>
                          Announcement<br />Date

                      </th>
                      <th>

                           Ex-Dividend<br />Date
                         
                      </th>
                      <th>

                             Record Date
                            
                      </th>
                      <th>
                        Payable Date 
                      </th>
                    </tr>
                  </tbody>
                  <tbody>
                    <tr>
                      <td>
                        FY2012 Q4</td>
                      <td>
                        $0.20</td>
                      <td>
                        Jun 13, 2012</td>
                      <td>
                        Aug 14, 2012</td>
                      <td>
                        Aug 16, 2012</td>
                      <td>
                        Sept 13, 2012
                      </td>
                    </tr>
                    <tr>
                      <td>
                        FY2012 Q3</td>
                      <td>
                       $0.20</td>
                      <td>
                        Mar 13, 2012</td>
                      <td>
                        May 15, 2012</td>
                      <td>
                        May 17, 2012</td>
                      <td>
                        Jun 14, 2012
                      </td>
                    </tr>
                    <tr>
                      <td>
                        FY2012 Q2</td>
                      <td>
                        $0.20</td>
                      <td>
                        Dec 14, 2011</td>
                      <td>
                        Feb 14, 2012</td>
                      <td>
                        Feb 16, 2012</td>
                      <td>
                        Mar 8, 2012
                      </td>
                    </tr>
                    <tr>
                      <td>
                        FY2012 Q1</td>
                      <td>
                        $0.20
                      </td>
                      <td>
                        Sept 20, 2011
                      </td>
                      <td>
                        Nov 15, 2011</td>
                      <td>
                        Nov 17, 2011</td>
                      <td>
                        Dec 8, 2011
                      </td>
                    </tr>
                    <tr>
                      <td>
                        FY2011 Q4</td>
                      <td>
                        $0.16
                      </td>
                      <td>
                        Jun 15, 2011
                      </td>
                      <td>
                        Aug 16, 2011</td>
                      <td>
                        Aug 18, 2011</td>
                      <td>
                        Sept 8, 2011
                      </td>
                    </tr>
                    <tr>
                      <td>
                        FY2011 Q3</td>
                      <td>
                        $0.16
                      </td>
                      <td>
                        Mar 14, 2011
                      </td>
                      <td>
                        May 17, 2011</td>
                      <td>
                        May 19, 2011</td>
                      <td>
                        Jun 9, 2011
                      </td>
                    </tr>
                    <tr>
                      <td>
                        FY2011 Q2</td>
                      <td>
                        $0.16
                      </td>
                      <td>
                        Dec 15, 2010
                      </td>
                      <td>
                        Feb 15, 2011</td>
                      <td>
                        Feb 17, 2011</td>
                      <td>
                        Mar 10, 2011
                      </td>
                    </tr>
                    <tr>
                      <td>
                        FY2011 Q1
                      </td>
                      <td>
                        $0.16
                      </td>
                      <td>
                        Sep 21,  2010
                      </td>
                      <td>
                        Nov 16, 2010</td>
                      <td>
                        Nov 18, 2010</td>
                      <td>
                        Dec 9, 2010
                      </td>
                    </tr>
                    <tr>
                      <td>
                        
                          FY2010 Q4 </td>
                      <td>
                        $0.13
                      </td>
                      <td>
                        Jun 16, 2010
                      </td>
                      <td>
                        Aug 17, 2010
                        <!--EndFragment--></td>
                      <td>
                        Aug 19, 2010</td>
                      <td>
                        Sept 9, 2010
                      </td>
                    </tr>
                    <tr>
                      <td>
                        FY2010 Q3
                      </td>
                      <td>
                        $0.13
                      </td>
                      <td>
                        Mar 8, 2010
                      </td>
                      <td>
                        May 18, 2010
                      </td>
                      <td>
                        May 20, 2010
                      </td>
                      <td>
                        Jun 10, 2010
                      </td>
                    </tr>
                    <tr>
                      <td>
                        FY2010 Q2
                      </td>
                      <td>
                        $0.13
                      </td>
                      <td>
                        Dec 9, 2009
                      </td>
                      <td>
                        Feb 16, 2010
                      </td>
                      <td>
                        Feb 18, 2010
                      </td>
                      <td>
                        Mar 11, 2010
                      </td>
                    </tr>
                    <tr>
                      <td>
                        FY2010 Q1
                      </td>
                      <td>
                        $0.13
                      </td>
                      <td>
                        Sep 18, 2009
                      </td>
                      <td>
                        Nov 17, 2009
                      </td>
                      <td>
                        Nov 19, 2009
                      </td>
                      <td>
                        Dec 10, 2009
                      </td>
                    </tr>
                    <tr>
                      <td>
                        FY2009 Q4
                      </td>
                      <td>
                        $0.13
                      </td>
                      <td>
                        Jun 10, 2009
                      </td>
                      <td>
                        Aug 18, 2009
                      </td>
                      <td>
                        Aug 20, 2009
                      </td>
                      <td>
                        Sep 10, 2009
                      </td>
                    </tr>
                    <tr>
                      <td>
                        FY2009 Q3
                      </td>
                      <td>
                        $0.13
                      </td>
                      <td>
                        Mar 9, 2009
                      </td>
                      <td>
                        May 19, 2009
                      </td>
                      <td>
                        May 21, 2009
                      </td>
                      <td>
                        Jun 18, 2009
                      </td>
                    </tr>
                    <tr>
                      <td>
                        FY2009 Q2
                      </td>
                      <td>
                        $0.13
                      </td>
                      <td>
                        Dec 10, 2008
                      </td>
                      <td>
                        Feb 17, 2009
                      </td>
                      <td>
                        Feb 19, 2009
                      </td>
                      <td>
                        Mar 12, 2009
                      </td>
                    </tr>
                    <tr>
                      <td>
                        FY2009 Q1
                      </td>
                      <td>
                        $0.13
                      </td>
                      <td>
                        Sep 22, 2008
                      </td>
                      <td>
                        Nov 18, 2008
                      </td>
                      <td>
                        Nov 20, 2008
                      </td>
                      <td>
                        Dec 11, 2008
                      </td>
                    </tr>
                    <tr>
                      <td>
                        FY2008 Q4
                      </td>
                      <td>
                        $0.11
                      </td>
                      <td>
                        Jun 11, 2008
                      </td>
                      <td>
                        Aug 19, 2008
                      </td>
                      <td>
                        Aug 21, 2008
                      </td>
                      <td>
                        Sep 11, 2008
                      </td>
                    </tr>
                    <tr>
                      <td>
                        FY2008 Q3
                      </td>
                      <td>
                        $0.11
                      </td>
                      <td>
                        Mar 17, 2008
                      </td>
                      <td>
                        May 13, 2008
                      </td>
                      <td>
                        May 15, 2008
                      </td>
                      <td>
                        Jun 12, 2008
                      </td>
                    </tr>
                    <tr>
                      <td>
                        FY2008 Q2
                      </td>
                      <td>
                        $0.11
                      </td>
                      <td>
                        Dec 19, 2007
                      </td>
                      <td>
                        Feb 19, 2008
                      </td>
                      <td>
                        Feb 21, 2008
                      </td>
                      <td>
                        Mar 13, 2008
                      </td>
                    </tr>
                    <tr>
                      <td>
                        FY2008 Q1
                      </td>
                      <td>
                        $0.11
                      </td>
                      <td>
                        Sep 12, 2007
                      </td>
                      <td>
                        Nov 13, 2007
                      </td>
                      <td>
                        Nov 15, 2007
                      </td>
                      <td>
                        Dec 13, 2007
                      </td>
                    </tr>
                    <tr>
                      <td>
                        FY2007 Q4
                      </td>
                      <td>
                        $0.10
                      </td>
                      <td>
                        Jun 27, 2007
                      </td>
                      <td>
                        Aug 14, 2007
                      </td>
                      <td>
                        Aug 16, 2007
                      </td>
                      <td>
                        Sep 13, 2007
                      </td>
                    </tr>
                    <tr>
                      <td>
                        FY2007 Q3
                      </td>
                      <td>
                        $0.10
                      </td>
                      <td>
                        Mar 26, 2007
                      </td>
                      <td>
                        May 15, 2007
                      </td>
                      <td>
                        May 17, 2007
                      </td>
                      <td>
                        Jun 14, 2007
                      </td>
                    </tr>
                    <tr>
                      <td>
                        FY2007 Q2
                      </td>
                      <td>
                        $0.10
                      </td>
                      <td>
                        Dec 20, 2006
                      </td>
                      <td>
                        Feb 13, 2007
                      </td>
                      <td>
                        Feb 15, 2007
                      </td>
                      <td>
                        Mar 8, 2007
                      </td>
                    </tr>
                    <tr>
                      <td>
                        FY2007 Q1
                      </td>
                      <td>
                        $0.10
                      </td>
                      <td>
                        Sep 13, 2006
                      </td>
                      <td>
                        Nov 14, 2006
                      </td>
                      <td>
                        Nov 16, 2006
                      </td>
                      <td>
                        Dec 14, 2006
                      </td>
                    </tr>
                    <tr>
                      <td>
                        FY2006 Q4
                      </td>
                      <td>
                        $0.09
                      </td>
                      <td>
                        Jun 21, 2006
                      </td>
                      <td>
                        Aug 15, 2006
                      </td>
                      <td>
                        Aug 17, 2006
                      </td>
                      <td>
                        Sep 14, 2006
                      </td>
                    </tr>
                    <tr>
                      <td>
                        FY2006 Q3
                      </td>
                      <td>
                        $0.09
                      </td>
                      <td>
                        Mar 27, 2006
                      </td>
                      <td>
                        May 15, 2006
                      </td>
                      <td>
                        May 17, 2006
                      </td>
                      <td>
                        Jun 8, 2006
                      </td>
                    </tr>
                    <tr>
                      <td>
                        FY2006 Q2
                      </td>
                      <td>
                        $0.09
                      </td>
                      <td>
                        Dec 14, 2005
                      </td>
                      <td>
                        Feb 15, 2006
                      </td>
                      <td>
                        Feb 17, 2006
                      </td>
                      <td>
                        Mar 9, 2006
                      </td>
                    </tr>
                    <tr>
                      <td>
                        FY2006 Q1
                      </td>
                      <td>
                        $0.08
                      </td>
                      <td>
                        Sep 22, 2005
                      </td>
                      <td>
                        Nov 15, 2005
                      </td>
                      <td>
                        Nov 17, 2005
                      </td>
                      <td>
                        Dec 8, 2005
                      </td>
                    </tr>
                    <tr>
                      <td>
                        FY2005 Q4
                      </td>
                      <td>
                        $0.08
                      </td>
                      <td>
                        Jun 15, 2005
                      </td>
                      <td>
                        Aug 15, 2005
                      </td>
                      <td>
                        Aug 17, 2005
                      </td>
                      <td>
                        Sep 08, 2005
                      </td>
                    </tr>
                    <tr>
                      <td>
                        FY2005 Q3
                      </td>
                      <td>
                        $0.08
                      </td>
                      <td>
                        Mar 23, 2005
                      </td>
                      <td>
                        May 16, 2005
                      </td>
                      <td>
                        May 18, 2005
                      </td>
                      <td>
                        Jun 09, 2005
                      </td>
                    </tr>
                    <tr>
                      <td>
                        FY2005 Q2
                      </td>
                      <td>
                        $0.08
                      </td>
                      <td>
                        Dec 08, 2004
                      </td>
                      <td>
                        Feb 15, 2005
                      </td>
                      <td>
                        Feb 17, 2005
                      </td>
                      <td>
                        Mar 10, 2005
                      </td>
                    </tr>
                    <tr>
                      <td>
                        FY2005 Q1
                      </td>
                      <td>
                        $0.08
                      </td>
                      <td>
                        Sep 15, 2004
                      </td>
                      <td>
                        Nov 15, 2004
                      </td>
                      <td>
                        Nov 17, 2004
                      </td>
                      <td>
                        Dec 02, 2004
                      </td>
                    </tr>
                    <tr>
                      <td>
                        Special
                      </td>
                      <td>
                        $3.00
                      </td>
                      <td>
                        Jul 20, 2004
                      </td>
                      <td>
                        Nov 15, 2004
                      </td>
                      <td>
                        Nov 17, 2004
                      </td>
                      <td>
                        Dec 02, 2004
                      </td>
                    </tr>
                    <tr>
                      <td>
                        FY2004 Q4
                      </td>
                      <td>
                        $0.08
                      </td>
                      <td>
                        Jul 20, 2004
                      </td>
                      <td>
                        Aug 23, 2004
                      </td>
                      <td>
                        Aug 25, 2004
                      </td>
                      <td>
                        Sep 14, 2004
                      </td>
                    </tr>
                  </tbody>
                </table>
              </div>
              <div xmlns="http://www.w3.org/1999/xhtml" xmlns:ns1="http://schemas.microsoft.com/office/infopath/2003/myXSD/2008-04-20T09:10:41" xmlns:dfs="http://schemas.microsoft.com/office/infopath/2003/dataFormSolution" xmlns:c="http://schemas.microsoft.com/Csp/Content" xmlns:xhtml="http://www.w3.org/1999/xhtml" xmlns:xsi="http://www.w3.org/2001/XMLSchema-instance" xmlns:ns2="http://schemas.microsoft.com/office/infopath/2003/myXSD/2010-03-23T02:55:36" xmlns:my="http://schemas.microsoft.com/office/infopath/2003/myXSD/2010-04-13T08:15:53" xmlns:xd="http://schemas.microsoft.com/office/infopath/2003">
                <br />
                <div>
                  <strong>Annual Dividend</strong>
                </div>
              </div>
              <div xmlns="http://www.w3.org/1999/xhtml" xmlns:ns1="http://schemas.microsoft.com/office/infopath/2003/myXSD/2008-04-20T09:10:41" xmlns:dfs="http://schemas.microsoft.com/office/infopath/2003/dataFormSolution" xmlns:c="http://schemas.microsoft.com/Csp/Content" xmlns:xhtml="http://www.w3.org/1999/xhtml" xmlns:xsi="http://www.w3.org/2001/XMLSchema-instance" xmlns:ns2="http://schemas.microsoft.com/office/infopath/2003/myXSD/2010-03-23T02:55:36" xmlns:my="http://schemas.microsoft.com/office/infopath/2003/myXSD/2010-04-13T08:15:53" xmlns:xd="http://schemas.microsoft.com/office/infopath/2003">
                <table class="FAQ_layout_table_inline msoUcTable" tabIndex="-1" cellspacing="1">
                  <colgroup>
                    <col />
                    <col />
                    <col />
                    <col />
                    <col />
                    <col />
                  </colgroup>
                  <tbody>
                    <tr>
                      <th>Dividend <br />Period 
                      </th>
                      <th>Amount 
                      </th>
                      <th>Announcement <br /> Date 
                      </th>
                      <th>Ex-dividend <br />Date
                      </th>
                      <th>Record Date 
                      </th>
                      <th>Payable Date
                      </th>
                    </tr>
                  </tbody>
                  <tbody>
                    <tr>
                      <td>
                        2003 
                      </td>
                      <td>
                        $0.08 
                      </td>
                      <td>
                        Jan 16, 2003 
                      </td>
                      <td>
                        Feb 19, 2003 
                      </td>
                      <td>
                        Feb 21, 2003 
                      </td>
                      <td>
                        Mar 7, 2003 
                      </td>
                    </tr>
                    <tr>
                      <td>
                        2004 
                      </td>
                      <td>
                        $0.16 
                      </td>
                      <td>
                        Sep 12, 2003 
                      </td>
                      <td>
                        Oct 15, 2003 
                      </td>
                      <td>
                        Oct 17, 2003 
                      </td>
                      <td>
                        Nov 7, 2003 
                      </td>
                    </tr>
                  </tbody>
                </table>
              </div>
              <div xmlns="http://www.w3.org/1999/xhtml" xmlns:ns1="http://schemas.microsoft.com/office/infopath/2003/myXSD/2008-04-20T09:10:41" xmlns:dfs="http://schemas.microsoft.com/office/infopath/2003/dataFormSolution" xmlns:c="http://schemas.microsoft.com/Csp/Content" xmlns:xhtml="http://www.w3.org/1999/xhtml" xmlns:xsi="http://www.w3.org/2001/XMLSchema-instance" xmlns:ns2="http://schemas.microsoft.com/office/infopath/2003/myXSD/2010-03-23T02:55:36" xmlns:my="http://schemas.microsoft.com/office/infopath/2003/myXSD/2010-04-13T08:15:53" xmlns:xd="http://schemas.microsoft.com/office/infopath/2003">
                <div style="POSITIONxx: relative">
                  <!--<div xmlns="http://www.w3.org/1999/xhtml" class="StockHistoryBottom_row">
                    <div xmlns="http://www.w3.org/1999/xhtml" class="StockHistoryDivBottomLeft">
                    </div>
                    <div xmlns="http://www.w3.org/1999/xhtml" class="StockHistoryDivBottomRight">
                    </div>
                  </div>
                  <div xmlns="http://www.w3.org/1999/xhtml" class="StockHistoryHeader_row">
                    <div xmlns="http://www.w3.org/1999/xhtml" class="StockHistoryDivTopLeft">
                    </div>
                    <div xmlns="http://www.w3.org/1999/xhtml" class="StockHistoryDivTopRight">
                    </div>
                  </div>-->
                </div>
              </div>
            </Answer>
          </QuestionAndAnswer>
        </QuestionAndAnswers>
      </QuestionAndAnswerBody>
    </Content>
    <Content type="item">
      <ContentTitle>Stock Information</ContentTitle>
      <HtmlBody />
      <ListItemBody>
        <Icon />
        <ListItems>
          <ListItem>
            <Text>Microsoft stock</Text>
            <Target>_self</Target>
            <Url>http://www.microsoft.com/investor/InvestorServices/FAQ/default.aspx#section_1</Url>
          </ListItem>
        </ListItems>
      </ListItemBody>
      <HtmlAndListItemBody>
        <Icon />
        <HtmlContent />
        <ListItems>
          <ListItem>
            <Text></Text>
            <Target>_blank</Target>
            <Url />
          </ListItem>
        </ListItems>
      </HtmlAndListItemBody>
      <QuestionAndAnswerBody>
        <Icon />
        <QuestionAndAnswers>
          <QuestionAndAnswer>
            <Question></Question>
            <Answer />
          </QuestionAndAnswer>
        </QuestionAndAnswers>
      </QuestionAndAnswerBody>
    </Content>
    <Content type="html">
      <ContentTitle>Microsoft Stock Split Information</ContentTitle>
      <HtmlBody>
        <div xmlns="http://www.w3.org/1999/xhtml" xmlns:ns1="http://schemas.microsoft.com/office/infopath/2003/myXSD/2008-04-20T09:10:41" xmlns:dfs="http://schemas.microsoft.com/office/infopath/2003/dataFormSolution" xmlns:c="http://schemas.microsoft.com/Csp/Content" xmlns:xhtml="http://www.w3.org/1999/xhtml" xmlns:xsi="http://www.w3.org/2001/XMLSchema-instance" xmlns:ns2="http://schemas.microsoft.com/office/infopath/2003/myXSD/2010-03-23T02:55:36" xmlns:my="http://schemas.microsoft.com/office/infopath/2003/myXSD/2010-04-13T08:15:53" xmlns:xd="http://schemas.microsoft.com/office/infopath/2003">
          <div class="indent">
            <div class="nomargin">
              <a href="http://www.microsoft.com/investor/Downloads/Stock%20Information/msftpricehist.xls">
                  Microsoft Pre-Split and Post-Split Closing Stock Prices
                </a>
              <br />
                
                  (472 KB Microsoft Excel file)<br />View the history of closing stock prices by week, both adjusted for all stock splits (the post-split price) and not adjusted for any stock splits (the pre-split price).
                
              </div>
            <div />
            <div>
              <a href="http://www.microsoft.com/presspass/press/2003/jan03/01-16ds.mspx" target="_blank">
                 Microsoft 2-for-1 Common Stock Split
                </a>
            </div>
            <div>
                
              </div>
            <div>
              <a href="../../InvestorServices/FAQ/default.aspx#section_4">
                 Answers to Frequently Asked Questions
                </a> about the ninth common stock split effective February 18, 2003. </div>
            <div>
                
              </div>
            <div>
              <a href="http://moneycentral.msn.com/investor/charts/chartdl.aspx?C2=3&amp;C1=0&amp;Symbol=MSFT&amp;CP=0&amp;PT=9" target="_blank">
                  Microsoft Monthly Closing Stock Price: five-year view
                </a>
              <br />
                Other views available as well as more Microsoft stock information. 
              </div>
          </div>
        </div>
      </HtmlBody>
      <ListItemBody>
        <Icon />
        <ListItems>
          <ListItem>
            <Text></Text>
            <Target>_blank</Target>
            <Url />
          </ListItem>
        </ListItems>
      </ListItemBody>
      <HtmlAndListItemBody>
        <Icon />
        <HtmlContent />
        <ListItems>
          <ListItem>
            <Text></Text>
            <Target>_blank</Target>
            <Url />
          </ListItem>
        </ListItems>
      </HtmlAndListItemBody>
      <QuestionAndAnswerBody>
        <Icon />
        <QuestionAndAnswers>
          <QuestionAndAnswer>
            <Question></Question>
            <Answer />
          </QuestionAndAnswer>
        </QuestionAndAnswers>
      </QuestionAndAnswerBody>
    </Content>
    <Content type="htmlanditem">
      <ContentTitle>IPO Investment Results</ContentTitle>
      <HtmlBody />
      <ListItemBody>
        <Icon>http://www.microsoft.com/global/investor/PublishingImages/ICON/ICON_Excel.png</Icon>
        <ListItems>
          <ListItem>
            <Text></Text>
            <Target>_blank</Target>
            <Url />
          </ListItem>
        </ListItems>
      </ListItemBody>
      <HtmlAndListItemBody>
        <Icon>http://www.microsoft.com/global/investor/PublishingImages/ICON/ICON_Excel.png</Icon>
        <HtmlContent>Interested in the value of your investment in Microsoft's initial public offering? Here are 3 Microsoft Office Excel tools you can download to help you find out. </HtmlContent>
        <ListItems>
          <ListItem>
            <Text>Total return on dollar amount invested in the initial public offering (Excel - 23 KB)</Text>
            <Target>_blank</Target>
            <Url>http://www.microsoft.com/investor/Downloads/Stock Information/IPOROIcalc.xls</Url>
          </ListItem>
          <ListItem>
            <Text>Value of Microsoft shares today based on number of shares purchased in the initial public offering (Excel - 32 KB)</Text>
            <Target>_blank</Target>
            <Url>http://www.microsoft.com/investor/Downloads/Stock Information/IPOsharecalc.xls</Url>
          </ListItem>
          <ListItem>
            <Text>Value of Microsoft shares today based on dollar amount invested in the initial public offering (Excel - 23 KB)</Text>
            <Target>_blank</Target>
            <Url>http://www.microsoft.com/investor/Downloads/Stock Information/IPOmoneycalc.xls</Url>
          </ListItem>
        </ListItems>
      </HtmlAndListItemBody>
      <QuestionAndAnswerBody>
        <Icon />
        <QuestionAndAnswers>
          <QuestionAndAnswer>
            <Question></Question>
            <Answer />
          </QuestionAndAnswer>
        </QuestionAndAnswers>
      </QuestionAndAnswerBody>
    </Content>
  </StockSplitContents>
</IRStockSplit>