<Announcements>
  <Announcement>
    <EntryID></EntryID>
    <Active>true</Active>
    <CreateTime>2012-08-01T09:23:24</CreateTime>
    <ExpirationTime></ExpirationTime>
    <DisplayOrder>0</DisplayOrder>
    <Header1>Microsoft Announces Windows 8 Reaches RTM Milestone</Header1>
    <Header2></Header2>
    <Header3></Header3>
    <CheckToEdit>true</CheckToEdit>
    <DateTime>
      <UTC>0001-01-01T00:00:00</UTC>
      <Local>2012-08-01T09:23:24</Local>
      <TimeZone></TimeZone>
    </DateTime>
    <Links>
      <Link>
        <Text>Read the Blog</Text>
        <Icon>http://www.microsoft.com/global/investor/PublishingImages/ICON/ICON_Word.png</Icon>
        <URL OpenMode="_blank">http://windowsteamblog.com/windows/b/bloggingwindows/</URL>
      </Link>
    </Links>
  </Announcement>
  <Announcement>
    <EntryID></EntryID>
    <Active>true</Active>
    <CreateTime>2012-08-01T09:26:54</CreateTime>
    <ExpirationTime></ExpirationTime>
    <DisplayOrder>0</DisplayOrder>
    <Header1> Microsoft Announces Windows Server 2012 released to manufacturing and general availability date of September 4 </Header1>
    <Header2></Header2>
    <Header3></Header3>
    <CheckToEdit>true</CheckToEdit>
    <DateTime>
      <UTC>0001-01-01T00:00:00</UTC>
      <Local>2012-08-01T09:26:54</Local>
      <TimeZone></TimeZone>
    </DateTime>
    <Links>
      <Link>
        <Text>Read the Blog</Text>
        <Icon>http://www.microsoft.com/global/investor/PublishingImages/ICON/ICON_Word.png</Icon>
        <URL OpenMode="_blank">http://blogs.technet.com/b/windowsserver/archive/2012/08/01/windows-server-2012-released-to-manufacturing.aspx</URL>
      </Link>
    </Links>
  </Announcement>
  <Announcement>
    <EntryID>D6C67A60-F752-4278-9685-021A005EB8D3</EntryID>
    <Active>true</Active>
    <CreateTime>2012-07-19T13:30:00</CreateTime>
    <ExpirationTime></ExpirationTime>
    <DisplayOrder>0</DisplayOrder>
    <Header1>Microsoft Reports Record Fourth-Quarter and Full-Year Revenue</Header1>
    <Header2></Header2>
    <Header3></Header3>
    <CheckToEdit>true</CheckToEdit>
    <DateTime>
      <UTC>2012-07-19T21:30:00</UTC>
      <Local>2012-07-19T13:30:00</Local>
      <TimeZone>PT-8</TimeZone>
    </DateTime>
    <Links>
      <Link>
        <Text>Read the Press Release</Text>
        <Icon>http://www.microsoft.com/global/investor/PublishingImages/ICON/ICON_Word.png</Icon>
        <URL OpenMode="_self">http://www.microsoft.com/investor/EarningsAndFinancials/Earnings/PressReleaseAndWebcast/FY12/Q4/default.aspx</URL>
      </Link>
      <Link>
        <Text>Webcast</Text>
        <Icon>http://www.microsoft.com/global/investor/PublishingImages/ICON/ICON_Sound.png</Icon>
        <URL OpenMode="_blank">http://www.microsoft.com/EN-US/showcase/details.aspx?uuid=876b3947-e282-4c91-a076-b28c7cfd73d0</URL>
      </Link>
    </Links>
  </Announcement>
  <Announcement>
    <EntryID>b9caffae-2523-4508-9c75-b66017975744</EntryID>
    <Active>true</Active>
    <CreateTime>2012-07-02T13:55:16</CreateTime>
    <ExpirationTime></ExpirationTime>
    <DisplayOrder>0</DisplayOrder>
    <Header1>Microsoft Announces Non-Cash Accounting Charge</Header1>
    <Header2></Header2>
    <Header3></Header3>
    <CheckToEdit>true</CheckToEdit>
    <DateTime>
      <UTC>0001-01-01T00:00:00</UTC>
      <Local>2012-07-02T13:55:16</Local>
      <TimeZone></TimeZone>
    </DateTime>
    <Links>
      <Link>
        <Text>Read the Press Release</Text>
        <Icon>http://www.microsoft.com/global/investor/PublishingImages/ICON/ICON_Word.png</Icon>
        <URL OpenMode="_blank">http://www.microsoft.com/en-us/news/Press/2012/Jul12/07-02CorpNewsPR.aspx</URL>
      </Link>
    </Links>
  </Announcement>
</Announcements>