<IRAnnualReportQuickLink>
  <Title>Annual Reports</Title>
  <ThumbnailImage>
    <AltText>2011 Annual Report</AltText>
    <Url>http://www.microsoft.com/global/investor/PublishingImages/AnnualReports/annual_report2011.gif</Url>
  </ThumbnailImage>
  <ThumbnailImageForMobile>
    <AltText></AltText>
    <Url />
  </ThumbnailImageForMobile>
  <EnlargedImage>
    <AltText>2011 Annual Report</AltText>
    <Url>http://www.microsoft.com/global/investor/PublishingImages/AnnualReports/AnnualReport2011.png</Url>
  </EnlargedImage>
  <EnlargedImageForMobile>
    <AltText></AltText>
    <Url />
  </EnlargedImageForMobile>
  <HttpLink target="_blank">
    <LinkText></LinkText>
    <Url>http://www.microsoft.com/investor/reports/ar11/index.html</Url>
  </HttpLink>
  <DownloadLink target="_blank">
    <LinkText></LinkText>
    <Url>http://www.microsoft.com/investor/reports/ar11/download_center.html</Url>
  </DownloadLink>
  <MoreImages beforeAnnualReport="false" />
</IRAnnualReportQuickLink>