<IRCGOverview>
  <CorporateGovernance>
    <Header>
      <Image>
        <AltText></AltText>
        <Url></Url>
      </Image>
      <Text>Long-term thinking guides everything we do to sustain Microsoft's success and create value for shareholders, now and for the future. Good corporate governance encourages accountability and transparency, and promotes good decision-making to support our business over decades.</Text>
    </Header>
    <LinkItems>
      <LinkItem>
        <Title>Board of Directors</Title>
        <Link>
          <Text>Board of Directors Biographies</Text>
          <Url>http://www.microsoft.com/presspass/bod/default.mspx</Url>
        </Link>
        <Link>
          <Text>Board Committees</Text>
          <Url>http://www.microsoft.com/investor/CorporateGovernance/BoardOfDirectors/committees.aspx</Url>
        </Link>
        <Link>
          <Text>Contact the Board</Text>
          <Url>http://www.microsoft.com/investor/CorporateGovernance/BoardOfDirectors/contact_board.aspx</Url>
        </Link>
      </LinkItem>
      <LinkItem>
        <Title>Policies &amp; Guidelines</Title>
        <Link>
          <Text>Corporate Governance Guidelines</Text>
          <Url>http://www.microsoft.com/investor/CorporateGovernance/PoliciesAndGuidelines/guidelines.aspx</Url>
        </Link>
        <Link>
          <Text>Director Independence Guidelines</Text>
          <Url>http://www.microsoft.com/investor/CorporateGovernance/PoliciesAndGuidelines/independenceguidelines.aspx</Url>
        </Link>
        <Link>
          <Text>Articles of Incorporation</Text>
          <Url>http://www.microsoft.com/investor/CorporateGovernance/PoliciesAndGuidelines/articlesincorp.aspx</Url>
        </Link>
        <Link>
          <Text>Bylaws</Text>
          <Url>http://www.microsoft.com/investor/CorporateGovernance/PoliciesAndGuidelines/bylaws.aspx</Url>
        </Link>
      </LinkItem>
      <LinkItem>
        <Title>Shareholder Accountability</Title>
        <Link>
          <Text>Executive Compensation Recovery</Text>
          <Url>http://www.microsoft.com/investor/CorporateGovernance/ShareholderAccountability/recoverypolicy.aspx</Url>
        </Link>
        <Link>
          <Text>Stock Ownership and Holding Requirements for Executives</Text>
          <Url>http://www.microsoft.com/investor/CorporateGovernance/ShareholderAccountability/execstockrequirements.aspx</Url>
        </Link>
        <Link>
          <Text>Compensation Consultant Independence</Text>
          <Url>http://www.microsoft.com/investor/CorporateGovernance/ShareholderAccountability/CompconSultant.aspx</Url>
        </Link>
      </LinkItem>
      <LinkItem>
        <Title>Governance Factsheet and FAQs</Title>
        <Link>
          <Text>Factsheet</Text>
          <Url>http://www.microsoft.com/investor/CorporateGovernance/FAQ/factsheet.aspx</Url>
        </Link>
        <Link>
          <Text>Frequently Asked Questions</Text>
          <Url>http://www.microsoft.com/investor/CorporateGovernance/FAQ/default.aspx</Url>
        </Link>
      </LinkItem>
      <LinkItem>
        <Title>Annual Shareholders Meeting</Title>
        <Link>
          <Text>Annual Meeting</Text>
          <Url>http://www.microsoft.com/investor/InvestorServices/AnnualMeeting/default.aspx</Url>
        </Link>
        <Link>
          <Text>2011 Vote Results</Text>
          <Url>http://www.microsoft.com/investor/CorporateGovernance/Overview/votingresults.aspx</Url>
        </Link>
      </LinkItem>
    </LinkItems>
  </CorporateGovernance>
  <CorporateCitizenship>
    <Header>
      <Image>
        <AltText></AltText>
        <Url></Url>
      </Image>
      <Text>Our technology innovations, people, partnerships, and day-to-day business operations make a meaningful contribution to the sustainability and prosperity of communities around the world.</Text>
    </Header>
    <LinkItems>
      <LinkItem>
        <Title>Citizenship</Title>
        <Link>
          <Text>Citizenship &amp; Microsoft</Text>
          <Url>http://www.microsoft.com/about/corporatecitizenship/en-us/default.aspx</Url>
        </Link>
        <Link>
          <Text>Community Tools</Text>
          <Url>http://www.microsoft.com/about/corporatecitizenship/en-us/community-tools/</Url>
        </Link>
        <Link>
          <Text>In the Community</Text>
          <Url>http://www.microsoft.com/about/corporatecitizenship/en-us/our-actions/in-the-community/</Url>
        </Link>
        <Link>
          <Text>Environment Sustainability</Text>
          <Url>http://www.microsoft.com/about/corporatecitizenship/en-us/our-focus/operating-responsibly/energy-and-environment.aspx</Url>
        </Link>
        <Link>
          <Text>Citizenship Reports</Text>
          <Url>http://www.microsoft.com/about/corporatecitizenship/en-us/our-commitments/reporting/</Url>
        </Link>
      </LinkItem>
    </LinkItems>
  </CorporateCitizenship>
</IRCGOverview>