<IRAnalystMeeting>
  <Title>Financial Analyst Meeting 2010</Title>
  <SubTitle>On-Demand Webcasts, Presentation and Written Transcripts</SubTitle>
  <BannerImage>
    <Url>http://www.microsoft.com/global/investor/PublishingImages/Events/FAMBanners/FAMBanner2010.png</Url>
    <AltText></AltText>
  </BannerImage>
  <Segments>
    <Segment>
      <SegmentID>634187497126228784</SegmentID>
      <ThumbnailImage>
        <Url>http://www.microsoft.com/global/investor/PublishingImages/Events/Speakers/Bill_Koefoed.png</Url>
        <AltText></AltText>
      </ThumbnailImage>
      <Tags isStrategy="false" />
      <Speaker>
        <Name>Bill Koefoed</Name>
        <Position>General Manager</Position>
        <Department>Investor Relations</Department>
      </Speaker>
      <LinkItems>
        <Link>
          <Text>Transcript</Text>
          <Icon>http://www.microsoft.com/global/investor/PublishingImages/ICON/ICON_Word.png</Icon>
          <Url>http://view.officeapps.live.com/op/view.aspx?src=http://www.microsoft.com/investor/Downloads/Events/Koefoed_FAM_2010.docx</Url>
        </Link>
        <Link>
          <Text>Slides</Text>
          <Icon>http://www.microsoft.com/global/investor/PublishingImages/ICON/ICON_PPT.png</Icon>
          <Url>http://view.officeapps.live.com/op/view.aspx?src=http://www.microsoft.com/investor/Downloads/Events/Koefoed_FAM_2010.pptx</Url>
        </Link>
      </LinkItems>
      <MobileWebcast>http://www.microsoft.com/EN-US/showcase/details.aspx?uuid=2224a53f-65a5-4b23-b3b9-ff17e5bdddd4 </MobileWebcast>
    </Segment>
    <Segment>
      <SegmentID>634187497128178784</SegmentID>
      <ThumbnailImage>
        <Url>/global/investor/PublishingImages/Events/Speakers/Kevin%20Turner.png</Url>
        <AltText></AltText>
      </ThumbnailImage>
      <Tags isStrategy="false" />
      <Speaker>
        <Name>Kevin Turner</Name>
        <Position>Chief Operating Officer</Position>
        <Department></Department>
      </Speaker>
      <LinkItems>
        <Link>
          <Text>Transcript</Text>
          <Icon>http://www.microsoft.com/global/investor/PublishingImages/ICON/ICON_Word.png</Icon>
          <Url>http://view.officeapps.live.com/op/view.aspx?src=http://www.microsoft.com/investor/Downloads/Events/Turner_FAM_2010.docx</Url>
        </Link>
        <Link>
          <Text>Slides</Text>
          <Icon>http://www.microsoft.com/global/investor/PublishingImages/ICON/ICON_PPT.png</Icon>
          <Url>http://view.officeapps.live.com/op/view.aspx?src=http://www.microsoft.com/investor/Downloads/Events/Turner_FAM_2010.pptx</Url>
        </Link>
      </LinkItems>
      <MobileWebcast>http://www.microsoft.com/EN-US/showcase/details.aspx?uuid=ffd2db69-bbef-4cbe-8667-427f07a5b86e </MobileWebcast>
    </Segment>
    <Segment>
      <SegmentID>634187497129788784</SegmentID>
      <ThumbnailImage>
        <Url>http://www.microsoft.com/global/investor/PublishingImages/Events/Speakers/Craig%20Mundie.PNG</Url>
        <AltText></AltText>
      </ThumbnailImage>
      <Tags isStrategy="false" />
      <Speaker>
        <Name>Craig Mundie</Name>
        <Position>Chief Research Strategy Officer</Position>
        <Department></Department>
      </Speaker>
      <LinkItems>
        <Link>
          <Text>Transcript</Text>
          <Icon>http://www.microsoft.com/global/investor/PublishingImages/ICON/ICON_Word.png</Icon>
          <Url>http://view.officeapps.live.com/op/view.aspx?src=http://www.microsoft.com/investor/Downloads/Events/Mundie_FAM_2010.docx</Url>
        </Link>
        <Link>
          <Text>Slides</Text>
          <Icon>http://www.microsoft.com/global/investor/PublishingImages/ICON/ICON_PPT.png</Icon>
          <Url>http://view.officeapps.live.com/op/view.aspx?src=http://www.microsoft.com/investor/Downloads/Events/Mundie_FAM_2010.pptx</Url>
        </Link>
      </LinkItems>
      <MobileWebcast>http://www.microsoft.com/EN-US/showcase/details.aspx?uuid=16a952d9-e5f3-4bee-9b2f-0faaafc847ba </MobileWebcast>
    </Segment>
    <Segment>
      <SegmentID>634187497131358784</SegmentID>
      <ThumbnailImage>
        <Url>http://www.microsoft.com/global/investor/PublishingImages/Events/Speakers/Default_AFM.png</Url>
        <AltText></AltText>
      </ThumbnailImage>
      <Tags isStrategy="false" />
      <Speaker>
        <Name>Technology Showcase</Name>
        <Position></Position>
        <Department></Department>
      </Speaker>
      <LinkItems />
      <MobileWebcast>http://www.microsoft.com/EN-US/showcase/details.aspx?uuid=b2af60ef-6fcf-4173-ad4d-5278ca2f0f88 </MobileWebcast>
    </Segment>
    <Segment>
      <SegmentID>634187497132978784</SegmentID>
      <ThumbnailImage>
        <Url>http://www.microsoft.com/global/investor/PublishingImages/Events/Speakers/Steve%20Ballmer.png</Url>
        <AltText></AltText>
      </ThumbnailImage>
      <Tags isStrategy="false" />
      <Speaker>
        <Name>Steve Ballmer</Name>
        <Position>Chief Executive Officer</Position>
        <Department></Department>
      </Speaker>
      <LinkItems>
        <Link>
          <Text>Transcript</Text>
          <Icon>http://www.microsoft.com/global/investor/PublishingImages/ICON/ICON_Word.png</Icon>
          <Url>http://view.officeapps.live.com/op/view.aspx?src=http://www.microsoft.com/investor/Downloads/Events/Ballmer_FAM_2010_Part1.docx</Url>
        </Link>
        <Link>
          <Text>Slides</Text>
          <Icon>http://www.microsoft.com/global/investor/PublishingImages/ICON/ICON_PPT.png</Icon>
          <Url>http://view.officeapps.live.com/op/view.aspx?src=http://www.microsoft.com/investor/Downloads/Events/Ballmer_FAM_2010_Part1.pptx</Url>
        </Link>
      </LinkItems>
      <MobileWebcast>http://www.microsoft.com/EN-US/showcase/details.aspx?uuid=563d0fcc-6f72-47de-8a8f-a13c4b830587 </MobileWebcast>
    </Segment>
    <Segment>
      <SegmentID>634187497134538784</SegmentID>
      <ThumbnailImage>
        <Url>/global/investor/PublishingImages/Events/Speakers/PeterKlein.png</Url>
        <AltText></AltText>
      </ThumbnailImage>
      <Tags isStrategy="false" />
      <Speaker>
        <Name>Peter Klein</Name>
        <Position>Chief Financial Officer</Position>
        <Department></Department>
      </Speaker>
      <LinkItems>
        <Link>
          <Text>Transcript</Text>
          <Icon>http://www.microsoft.com/global/investor/PublishingImages/ICON/ICON_Word.png</Icon>
          <Url>http://view.officeapps.live.com/op/view.aspx?src=http://www.microsoft.com/investor/Downloads/Events/Klein_FAM_2010.docx</Url>
        </Link>
        <Link>
          <Text>Slides</Text>
          <Icon>http://www.microsoft.com/global/investor/PublishingImages/ICON/ICON_PPT.png</Icon>
          <Url>http://view.officeapps.live.com/op/view.aspx?src=http://www.microsoft.com/investor/Downloads/Events/Klein_FAM_2010.pptx</Url>
        </Link>
      </LinkItems>
      <MobileWebcast>http://www.microsoft.com/EN-US/showcase/details.aspx?uuid=401c599c-8836-41ff-bfab-f3cfb263c9db </MobileWebcast>
    </Segment>
    <Segment>
      <SegmentID>634187497136078784</SegmentID>
      <ThumbnailImage>
        <Url>http://www.microsoft.com/global/investor/PublishingImages/Events/Speakers/Steve%20Ballmer.png</Url>
        <AltText></AltText>
      </ThumbnailImage>
      <Tags isStrategy="false" />
      <Speaker>
        <Name>Steve Ballmer</Name>
        <Position>Chief Executive Officer</Position>
        <Department></Department>
      </Speaker>
      <LinkItems>
        <Link>
          <Text>Transcript</Text>
          <Icon>http://www.microsoft.com/global/investor/PublishingImages/ICON/ICON_Word.png</Icon>
          <Url>http://view.officeapps.live.com/op/view.aspx?src=http://www.microsoft.com/investor/Downloads/Events/Ballmer_FAM_2010_Part2.docx</Url>
        </Link>
      </LinkItems>
      <MobileWebcast>http://www.microsoft.com/EN-US/showcase/details.aspx?uuid=0e86a168-c309-45cc-9a58-e8619eeb2da6 </MobileWebcast>
    </Segment>
    <Segment>
      <SegmentID>634187497137638784</SegmentID>
      <ThumbnailImage>
        <Url>http://www.microsoft.com/global/investor/PublishingImages/Events/Speakers/Default_AFM.png</Url>
        <AltText></AltText>
      </ThumbnailImage>
      <Tags isStrategy="false" />
      <Speaker>
        <Name>Steve Ballmer, Peter Klein, Kevin Turner and Craig Mundie</Name>
        <Position>Executive Discussion</Position>
        <Department></Department>
      </Speaker>
      <LinkItems>
        <Link>
          <Text>Transcript</Text>
          <Icon>http://www.microsoft.com/global/investor/PublishingImages/ICON/ICON_Word.png</Icon>
          <Url>http://view.officeapps.live.com/op/view.aspx?src=http://www.microsoft.com/investor/Downloads/Events/FAM_2010_Exec_QA.docx</Url>
        </Link>
      </LinkItems>
      <MobileWebcast>http://www.microsoft.com/EN-US/showcase/details.aspx?uuid=443b8815-d0a0-46f2-bb35-c47ddb835dd2 </MobileWebcast>
    </Segment>
  </Segments>
</IRAnalystMeeting>