<c:component type="IRHeroSpot" enabled="" xmlns:c="http://schemas.microsoft.com/Csp/Content">
  <IRHeroSpot>
    <modules>
      <moduleA type="Text" displayOnMobile="true">
        <mainText>Microsoft Fiscal Year 2012 Fourth Quarter Earnings</mainText>
        <secondaryText>Microsoft Reports Record Fourth-Quarter &lt;br /&gt;and Full-Year Revenue</secondaryText>
        <bottomText type="iconText">
          <text>Event</text>
          <icon>calendar</icon>
        </bottomText>
        <image type="image" cssClass="">
          <src>
            <c:include type="Image" resolve="false" sourcedFrom="external" externalPath="/global/investor/PublishingImages/img-marquee1.jpg" height="" width="" query="">/en-us/test/PublishingImages/img-marquee1.jpg</c:include>
          </src>
        </image>
        <link>
          <url>
            <c:include type="" resolve="false" sourcedFrom="external" externalPath="http://www.microsoft.com/investor/EarningsAndFinancials/Earnings/PressReleaseAndWebcast/FY12/Q4/default.aspx" height="" width="" query="">http://www.microsoft.com/?id=externallink</c:include>
          </url>
        </link>
      </moduleA>
      <moduleB displayOnMobile="true">
        <mainText>2011 &lt;br /&gt;ANNUAL REPORT&lt;/&gt;</mainText>
        <bottomText type="iconText">
          <text>Report</text>
          <icon>report</icon>
        </bottomText>
        <image type="image" cssClass="">
          <src>
            <c:include type="Image" resolve="false" sourcedFrom="external" externalPath="/global/investor/PublishingImages/img-marquee104x104.jpg" height="" width="" query="">/en-us/test/PublishingImages/img-marquee104x104.jpg</c:include>
          </src>
        </image>
        <link>
          <url>
            <c:include type="" resolve="false" sourcedFrom="external" externalPath="http://www.microsoft.com/investor/reports/ar11/index.html" height="" width="" query="">http://www.microsoft.com/?id=externallink</c:include>
          </url>
        </link>
      </moduleB>
      <moduleC displayOnMobile="true">
        <mainText>Introducing &lt;br /&gt;Microsoft 2011 &lt;br /&gt;Citizenship Report</mainText>
        <bottomText type="iconText">
          <text>Report</text>
          <icon>report</icon>
        </bottomText>
        <link>
          <url>
            <c:include type="" resolve="false" sourcedFrom="external" externalPath="http://www.microsoft.com/about/corporatecitizenship/en-us/reporting/" height="" width="" query="">http://www.microsoft.com/?id=externallink</c:include>
          </url>
        </link>
      </moduleC>
      <moduleD displayOnMobile="true">
        <mainText>Dina Dublon &lt;br /&gt;Director Video Series</mainText>
        <bottomText type="iconText">
          <text>Video</text>
          <icon>video</icon>
        </bottomText>
        <image type="image" cssClass="">
          <src>
            <c:include type="Image" resolve="false" sourcedFrom="external" externalPath="/global/investor/PublishingImages/img-marquee211x214.jpg" height="" width="" query="">/en-us/test/PublishingImages/img-marquee211x214.jpg</c:include>
          </src>
        </image>
        <video type="video" cssClass="">
          <html5Url>
            <c:include type="" resolve="false" sourcedFrom="external" externalPath="http://msvideodata.cloudapp.net/video/url.aspx?uuid=cb8dd981-acd3-4f71-8096-9925fcbf167b&amp;formatcode=102" height="" width="" query="">http://img1.catalog.video.msn.com/image.aspx?uuid=8f9d3464-0828-4dca-835f-fc6138ea42f4</c:include>
          </html5Url>
          <silverlightUrl>
            <c:include type="" resolve="false" sourcedFrom="external" externalPath="http://www.microsoft.com/en-us/showcase/details.aspx?uuid=cb8dd981-acd3-4f71-8096-9925fcbf167b" height="" width="" query="">http://www.microsoft.com/en-us/showcase/details.aspx?uuid=77c905be-a0af-412f-b3db-286013bb6a46</c:include>
          </silverlightUrl>
        </video>
        <link>
          <url>
            <c:include type="" resolve="false" sourcedFrom="external" externalPath="http://www.microsoft.com/?id=externallink" height="" width="" query="">http://www.microsoft.com/?id=externallink</c:include>
          </url>
        </link>
      </moduleD>
      <moduleE displayOnMobile="true">
        <mainText>Microsoft &lt;br /&gt;By The Numbers</mainText>
        <bottomText type="iconText">
          <text>Visual Statistics</text>
          <icon>statement</icon>
        </bottomText>
        <link>
          <url>
            <c:include type="" resolve="false" sourcedFrom="external" externalPath="http://www.microsoft.com/en-us/news/features/2011/nov11/11-03MicrosoftByTheNumbers.aspx" height="" width="" query="" />
          </url>
          <onclick />
        </link>
      </moduleE>
    </modules>
  </IRHeroSpot>
</c:component>