<StaticDataSource>
  <CurrentERHeader>Earnings Release FY12 Q4</CurrentERHeader>
  <CurrentEarningsEventID>112607</CurrentEarningsEventID>
  <CurrentAnnualMeetingID>100722</CurrentAnnualMeetingID>
  <EarningsSections>
    <EarningsSection>
      <ItemId>1</ItemId>
      <Name>Press Release &amp; Webcast</Name>
    </EarningsSection>
    <EarningsSection>
      <ItemId>2</ItemId>
      <Name>Financial Statements</Name>
    </EarningsSection>
    <EarningsSection>
      <ItemId>3</ItemId>
      <Name>Performance</Name>
    </EarningsSection>
    <EarningsSection>
      <ItemId>4</ItemId>
      <Name>KPI</Name>
    </EarningsSection>
    <EarningsSection>
      <ItemId>5</ItemId>
      <Name>Segment Results</Name>
    </EarningsSection>
  </EarningsSections>
  <SegmentNames>
    <SegmentName>
      <Order>1</Order>
      <Name>Windows and Windows Live Division</Name>
      <PerformanceTag>FY12Q4_Client</PerformanceTag>
      <ICTag>Client</ICTag>
    </SegmentName>
    <SegmentName>
      <Order>2</Order>
      <Name>Server and Tools</Name>
      <PerformanceTag>FY12Q4_ST</PerformanceTag>
      <ICTag>ServerAndTools</ICTag>
    </SegmentName>
    <SegmentName>
      <Order>3</Order>
      <Name>Microsoft Business Division</Name>
      <PerformanceTag>FY12Q4_MBD</PerformanceTag>
      <ICTag>MicrosoftBusinessDivision</ICTag>
    </SegmentName>
    <SegmentName>
      <Order>4</Order>
      <Name>Online Services Division</Name>
      <PerformanceTag>FY12Q4_OSB</PerformanceTag>
      <ICTag>OnlineServicesBusiness</ICTag>
    </SegmentName>
    <SegmentName>
      <Order>5</Order>
      <Name>Entertainment and Devices Division</Name>
      <PerformanceTag>FY12Q4_EDD</PerformanceTag>
      <ICTag>EntertainmentAndDevicesDivision</ICTag>
    </SegmentName>
  </SegmentNames>
  <Corporate>
    <Name>Corporate</Name>
    <PerformanceTag>FY12Q4</PerformanceTag>
    <ICTag>Corporate</ICTag>
  </Corporate>
  <CurrentPRHtml>http://www.microsoft.com/global/Investor/RenderingAssets/DataSource/Earnings%20and%20Financials/PressRelease/FY12/Q4/IRQuarterlyEarnings.html </CurrentPRHtml>
  <CurrentPRDocx>http://www.microsoft.com/global/investor/RenderingAssets/Downloads/FY12/Q4/PressReleaseFY12Q4.docx</CurrentPRDocx>
  <CurrentFinancialStatementXlsx>http://www.microsoft.com/global/investor/RenderingAssets/Downloads/FY12/Q4/FinancialStatementFY12Q4.xlsx</CurrentFinancialStatementXlsx>
  <CurrentPerformanceContentXml>http://www.microsoft.com/global/Investor/RenderingAssets/DataSource/Earnings%20and%20Financials/Performance/FY12/Q4/PerformanceContent.xml</CurrentPerformanceContentXml>
  <CurrentICXml>http://www.microsoft.com/global/Investor/RenderingAssets/DataSource/Earnings%20and%20Financials/Performance/FY12/Q4/IC.xml</CurrentICXml>
  <CurrentKPIXlsx>http://www.microsoft.com/global/investor/RenderingAssets/Downloads/FY12/Q4/KPI_FY12Q4.xlsx</CurrentKPIXlsx>
  <CurrentCommitteesHtm>http://www.microsoft.com/global/investor/RenderingAssets/Resources/CorporateGovernance/Committees.htm</CurrentCommitteesHtm>
  <CurrentFactSheetHtm>http://www.microsoft.com/global/investor/RenderingAssets/Resources/CorporateGovernance/FactSheet.htm</CurrentFactSheetHtm>
</StaticDataSource>