﻿<?xml version="1.0" encoding="utf-8"?>
<xbrl xmlns:msft="http://xbrl.microsoft.com" xmlns:us-gaap="http://xbrl.us/us-gaap" xmlns:mda="http://xbrl.us/mda">
  <us-gaap:Revenues contextRef="FY12YTD">73723000000</us-gaap:Revenues>
  <us-gaap:Revenues contextRef="FY11YTD">69943000000</us-gaap:Revenues>
  <us-gaap:Revenues contextRef="FY10YTD">62484000000</us-gaap:Revenues>
  <us-gaap:OperatingIncomeLoss contextRef="FY12YTD">21763000000</us-gaap:OperatingIncomeLoss>
  <us-gaap:OperatingIncomeLoss contextRef="FY11YTD">27161000000</us-gaap:OperatingIncomeLoss>
  <us-gaap:OperatingIncomeLoss contextRef="FY10YTD">24098000000</us-gaap:OperatingIncomeLoss>
  <us-gaap:SegmentReportingInformationRevenue contextRef="FY12YTD_Client_Gaap">18373000000</us-gaap:SegmentReportingInformationRevenue>
  <us-gaap:SegmentReportingInformationRevenue contextRef="FY11YTD_Client_Gaap">19033000000</us-gaap:SegmentReportingInformationRevenue>
  <us-gaap:SegmentReportingInformationRevenue contextRef="FY10YTD_Client_Gaap">19491000000</us-gaap:SegmentReportingInformationRevenue>
  <us-gaap:SegmentReportingInformationRevenue contextRef="FY12YTD_ST_Gaap">18686000000</us-gaap:SegmentReportingInformationRevenue>
  <us-gaap:SegmentReportingInformationRevenue contextRef="FY11YTD_ST_Gaap">16680000000</us-gaap:SegmentReportingInformationRevenue>
  <us-gaap:SegmentReportingInformationRevenue contextRef="FY10YTD_ST_Gaap">15109000000</us-gaap:SegmentReportingInformationRevenue>
  <us-gaap:SegmentReportingInformationRevenue contextRef="FY12YTD_OSB_Gaap">2867000000</us-gaap:SegmentReportingInformationRevenue>
  <us-gaap:SegmentReportingInformationRevenue contextRef="FY11YTD_OSB_Gaap">2607000000</us-gaap:SegmentReportingInformationRevenue>
  <us-gaap:SegmentReportingInformationRevenue contextRef="FY10YTD_OSB_Gaap">2294000000</us-gaap:SegmentReportingInformationRevenue>
  <us-gaap:SegmentReportingInformationRevenue contextRef="FY12YTD_MBD_Gaap">23991000000</us-gaap:SegmentReportingInformationRevenue>
  <us-gaap:SegmentReportingInformationRevenue contextRef="FY11YTD_MBD_Gaap">22514000000</us-gaap:SegmentReportingInformationRevenue>
  <us-gaap:SegmentReportingInformationRevenue contextRef="FY10YTD_MBD_Gaap">19256000000</us-gaap:SegmentReportingInformationRevenue>
  <us-gaap:SegmentReportingInformationRevenue contextRef="FY12YTD_EDD_Gaap">9593000000</us-gaap:SegmentReportingInformationRevenue>
  <us-gaap:SegmentReportingInformationRevenue contextRef="FY11YTD_EDD_Gaap">8915000000</us-gaap:SegmentReportingInformationRevenue>
  <us-gaap:SegmentReportingInformationRevenue contextRef="FY10YTD_EDD_Gaap">6079000000</us-gaap:SegmentReportingInformationRevenue>
  <us-gaap:SegmentReportingInformationOperatingIncomeLoss contextRef="FY12YTD_Client_Gaap">11460000000</us-gaap:SegmentReportingInformationOperatingIncomeLoss>
  <us-gaap:SegmentReportingInformationOperatingIncomeLoss contextRef="FY11YTD_Client_Gaap">12211000000</us-gaap:SegmentReportingInformationOperatingIncomeLoss>
  <us-gaap:SegmentReportingInformationOperatingIncomeLoss contextRef="FY10YTD_Client_Gaap">12895000000</us-gaap:SegmentReportingInformationOperatingIncomeLoss>
  <us-gaap:SegmentReportingInformationOperatingIncomeLoss contextRef="FY12YTD_ST_Gaap">7431000000</us-gaap:SegmentReportingInformationOperatingIncomeLoss>
  <us-gaap:SegmentReportingInformationOperatingIncomeLoss contextRef="FY11YTD_ST_Gaap">6290000000</us-gaap:SegmentReportingInformationOperatingIncomeLoss>
  <us-gaap:SegmentReportingInformationOperatingIncomeLoss contextRef="FY10YTD_ST_Gaap">5381000000</us-gaap:SegmentReportingInformationOperatingIncomeLoss>
  <us-gaap:SegmentReportingInformationOperatingIncomeLoss contextRef="FY12YTD_OSB_Gaap">-8121000000</us-gaap:SegmentReportingInformationOperatingIncomeLoss>
  <us-gaap:SegmentReportingInformationOperatingIncomeLoss contextRef="FY11YTD_OSB_Gaap">-2657000000</us-gaap:SegmentReportingInformationOperatingIncomeLoss>
  <us-gaap:SegmentReportingInformationOperatingIncomeLoss contextRef="FY10YTD_OSB_Gaap">-2408000000</us-gaap:SegmentReportingInformationOperatingIncomeLoss>
  <us-gaap:SegmentReportingInformationOperatingIncomeLoss contextRef="FY12YTD_MBD_Gaap">15719000000</us-gaap:SegmentReportingInformationOperatingIncomeLoss>
  <us-gaap:SegmentReportingInformationOperatingIncomeLoss contextRef="FY11YTD_MBD_Gaap">14657000000</us-gaap:SegmentReportingInformationOperatingIncomeLoss>
  <us-gaap:SegmentReportingInformationOperatingIncomeLoss contextRef="FY10YTD_MBD_Gaap">11849000000</us-gaap:SegmentReportingInformationOperatingIncomeLoss>
  <us-gaap:SegmentReportingInformationOperatingIncomeLoss contextRef="FY12YTD_EDD_Gaap">364000000</us-gaap:SegmentReportingInformationOperatingIncomeLoss>
  <us-gaap:SegmentReportingInformationOperatingIncomeLoss contextRef="FY11YTD_EDD_Gaap">1257000000</us-gaap:SegmentReportingInformationOperatingIncomeLoss>
  <us-gaap:SegmentReportingInformationOperatingIncomeLoss contextRef="FY10YTD_EDD_Gaap">517000000</us-gaap:SegmentReportingInformationOperatingIncomeLoss>
  <us-gaap:SegmentReportingInformationOperatingIncomeLoss contextRef="FY12YTD_Corporate_Gaap">-5090000000</us-gaap:SegmentReportingInformationOperatingIncomeLoss>
  <us-gaap:SegmentReportingInformationOperatingIncomeLoss contextRef="FY11YTD_Corporate_Gaap">-4597000000</us-gaap:SegmentReportingInformationOperatingIncomeLoss>
  <us-gaap:SegmentReportingInformationOperatingIncomeLoss contextRef="FY10YTD_Corporate_Gaap">-4136000000</us-gaap:SegmentReportingInformationOperatingIncomeLoss>
  <mda:RevenueDiscussion contextRef="FY12YTD">Revenue increased primarily due to strong sales of Server and Tools products and services and the 2010 Microsoft Office system, offset in part by the decline in Windows operating system revenue primarily due to the deferral of $540 million of revenue relating to the Windows Upgrade Offer. Revenue in fiscal year 2012 also included Skype revenue from the date of acquisition. </mda:RevenueDiscussion>
  <msft:OperatingIncomeDiscussionTextBlock contextRef="FY12YTD">Operating income decreased reflecting a goodwill impairment charge of $6.2 billion related to our OSD business segment. Other key changes in operating expenses were: 
• 	Cost of revenue increased $2.0 billion or 13%, reflecting higher costs associated with providing Server and Tools products and services, payments made to Nokia related to joint strategic initiatives, higher Xbox 360 royalty costs, and other changes in the mix of products and services sold. 
•	Research and development expenses increased $768 million or 8%, due mainly to higher headcount-related expenses. 
•	General and administrative expenses increased $347 million or 8%, due mainly to higher headcount-related expenses and the full year impact of new Puerto Rican excise taxes, offset in part by decreased legal charges. 
Headcount-related expenses were higher across the company reflecting a 4% increase in headcount from June 30, 2011 and changes in our employee compensation program. 
Diluted earnings per share were negatively impacted by the non-tax deductible goodwill impairment charge, which decreased diluted earnings per share by $0.73. Prior year net income and diluted earnings per share reflected a partial settlement with the U.S. Internal Revenue Service (“I.R.S.”) and higher other income. The partial settlement with the I.R.S. added $461 million to net income and $0.05 to diluted earnings per share in the prior year.
</msft:OperatingIncomeDiscussionTextBlock>
  <msft:OutlookTextBlock contextRef="FY12YTD">Our industry is dynamic and highly competitive, with frequent changes in both technologies and business models. Each industry shift is an opportunity to conceive new products, new technologies, or new ideas that can further transform the industry and our business. At Microsoft, we push the boundaries of what is possible through a broad range of research and development activities that seek to anticipate the changing demands of customers, industry trends, and competitive forces. </msft:OutlookTextBlock>
  <msft:OperatingRevenue_OneYearDelta_Div_OperatingRevenue contextRef="FY12YTD_Client_Gaap">-0.03</msft:OperatingRevenue_OneYearDelta_Div_OperatingRevenue>
  <msft:OperatingProfit_OneYearDelta_Div_OperatingProfit contextRef="FY12YTD_Client_Gaap">-0.06</msft:OperatingProfit_OneYearDelta_Div_OperatingProfit>
  <mda:BusinessSegmentsDiscussion contextRef="FY12YTD_Client">Windows &amp; Windows Live Division (“Windows Division”) develops and markets PC operating systems, related software and online services, and PC hardware products. This collection of software, hardware, and services is designed to simplify everyday tasks through seamless operations across the user’s hardware and software and efficient browsing capabilities. Windows Division offerings consist of the Windows operating system, software and services through Windows Live, and Microsoft PC hardware products. 

Windows Division revenue is largely correlated to the PC market worldwide, as approximately 75% of total Windows Division revenue comes from Windows operating system software purchased by original equipment manufacturers (“OEMs”) which they pre-install on equipment they sell. The remaining approximately 25% of Windows Division revenue is generated by commercial and retail sales of Windows and PC hardware products and online advertising from Windows Live. 
</mda:BusinessSegmentsDiscussion>
  <mda:BusinessSegmentsRevenueContributedByTypeOfProductOrService contextRef="FY12YTD_Client">Windows Division revenue reflected relative performance in PC market segments. We estimate that sales of PCs to businesses grew approximately 4% and sales of PCs to consumers decreased 1%. Excluding a decline in sales of netbooks, we estimate that sales of PCs to consumers grew approximately 5%. Taken together, the total PC market increased an estimated 0% to 2%. Relative to PC market growth, Windows Division revenue was negatively impacted by higher growth in emerging markets, where average selling prices are lower than developed markets, and the deferral of $540 million of revenue relating to the Windows Upgrade Offer. </mda:BusinessSegmentsRevenueContributedByTypeOfProductOrService>
  <msft:BusinessSegmentsIncomeTextBlock contextRef="FY12YTD_Client">Windows Division operating income decreased, due mainly to lower revenue and a $163 million or 10% increase in research and development expenses, primarily associated with the Windows 8 operating system. </msft:BusinessSegmentsIncomeTextBlock>
  <msft:OperatingRevenue_OneYearDelta_Div_OperatingRevenue contextRef="FY12YTD_ST_Gaap">0.12</msft:OperatingRevenue_OneYearDelta_Div_OperatingRevenue>
  <msft:OperatingProfit_OneYearDelta_Div_OperatingProfit contextRef="FY12YTD_ST_Gaap">0.18</msft:OperatingProfit_OneYearDelta_Div_OperatingProfit>
  <mda:BusinessSegmentsDiscussion contextRef="FY12YTD_ST">Server and Tools develops and markets technology and related services that enable information technology professionals and their systems to be more productive and efficient. Server and Tools product and service offerings include Windows Server, Microsoft SQL Server, Windows Azure, Visual Studio, System Center products, Windows Embedded device platforms, and Enterprise Services. Enterprise Services comprise Premier product support services and Microsoft Consulting Services. We also offer developer tools, training, and certification. Approximately 55% of Server and Tools revenue comes primarily from multi-year volume licensing agreements, approximately 25% is purchased through transactional volume licensing programs, retail packaged product and licenses sold to OEMs, and the remainder comes from Enterprise Services. </mda:BusinessSegmentsDiscussion>
  <mda:BusinessSegmentsRevenueContributedByTypeOfProductOrService contextRef="FY12YTD_ST">Server and Tools revenue increased in both product sales and Enterprise Services. Product revenue increased $1.4 billion or 11%, driven primarily by growth in SQL Server, Windows Server, and System Center, reflecting continued adoption of the Windows platform. Enterprise Services revenue grew $595 million or 18%, due to growth in both Premier product support and consulting services. </mda:BusinessSegmentsRevenueContributedByTypeOfProductOrService>
  <msft:BusinessSegmentsIncomeTextBlock contextRef="FY12YTD_ST">Server and Tools operating income increased primarily due to revenue growth, offset in part by higher costs of providing products and services and increased sales and marketing expenses. Cost of revenue increased $682 million or 22%, primarily reflecting higher Enterprise Services headcount-related costs. Sales and marketing expenses grew $155 million or 4%, reflecting increased corporate marketing activities.</msft:BusinessSegmentsIncomeTextBlock>
  <msft:OperatingRevenue_OneYearDelta_Div_OperatingRevenue contextRef="FY12YTD_OSB_Gaap">0.10</msft:OperatingRevenue_OneYearDelta_Div_OperatingRevenue>
  <msft:OperatingProfit_OneYearDelta_Div_OperatingProfit contextRef="FY12YTD_OSB_Gaap">-</msft:OperatingProfit_OneYearDelta_Div_OperatingProfit>
  <mda:BusinessSegmentsDiscussion contextRef="FY12YTD_OSB">Online Services Division (“OSD”) develops and markets information and content designed to help people simplify tasks and make more informed decisions online, and that help advertisers connect with audiences. OSD offerings include Bing, MSN, adCenter, and advertiser tools. Bing and MSN generate revenue through the sale of search and display advertising, accounting for nearly all of OSD’s annual revenue. </mda:BusinessSegmentsDiscussion>
  <mda:BusinessSegmentsRevenueContributedByTypeOfProductOrService contextRef="FY12YTD_OSB"> Online advertising revenue grew $306 million or 13% to $2.6 billion, reflecting continued growth in search advertising revenue, offset in part by decreased display advertising revenue. Search revenue grew due to increased revenue per search, increased volumes reflecting general market growth, and share gains in the U.S. According to third-party sources, Bing organic U.S. market share for the month of June 2012 was approximately 16%, and grew 120 basis points year over year. Bing-powered U.S. market share, including Yahoo! properties, was approximately 26% for the month of June 2012, down 100 basis points year over year. </mda:BusinessSegmentsRevenueContributedByTypeOfProductOrService>
  <msft:BusinessSegmentsIncomeTextBlock contextRef="FY12YTD_OSB">OSD’s fiscal year 2012 operating loss reflects a goodwill impairment charge of $6.2 billion, which we recorded as a result of our annual goodwill impairment test in the fourth quarter. The non-cash, non-tax-deductible charge related mainly to goodwill acquired through our 2007 acquisition of aQuantive, Inc. While the search business has been improving, our expectations for future growth and profitability for OSD are lower than our previous estimates. We do not expect this impairment charge to affect OSD’s ongoing business or financial performance.

Excluding the $6.2 billion goodwill impairment charge, OSD’s operating loss was reduced by higher revenue and lower sales and marketing expenses and cost of revenue. Sales and marketing expenses decreased $321 million or 29%, due mainly to lower marketing spend. Cost of revenue decreased $213 million, driven by lower Yahoo! reimbursement costs, amortization, and online operating costs.
</msft:BusinessSegmentsIncomeTextBlock>
  <msft:OperatingRevenue_OneYearDelta_Div_OperatingRevenue contextRef="FY12YTD_EDD_Gaap">0.08</msft:OperatingRevenue_OneYearDelta_Div_OperatingRevenue>
  <msft:OperatingProfit_OneYearDelta_Div_OperatingProfit contextRef="FY12YTD_EDD_Gaap">-0.71</msft:OperatingProfit_OneYearDelta_Div_OperatingProfit>
  <mda:BusinessSegmentsDiscussion contextRef="FY12YTD_EDD">Entertainment and Devices Division (“EDD”) develops and markets products and services designed to entertain and connect people. EDD offerings include the Xbox 360 entertainment platform (which includes the Xbox 360 gaming and entertainment console, Kinect for Xbox 360, Xbox 360 video games, Xbox LIVE, and Xbox 360 accessories), Mediaroom (our Internet protocol television software), Skype, and Windows Phone, including related patent licensing revenue. In November 2010, we released Kinect for Xbox 360. We acquired Skype on October 13, 2011, and its results of operations from that date are reflected in our results. </mda:BusinessSegmentsDiscussion>
  <mda:BusinessSegmentsRevenueContributedByTypeOfProductOrService contextRef="FY12YTD_EDD">EDD revenue increased primarily reflecting Skype and Windows Phone revenue, offset in part by lower Xbox 360 platform revenue. Xbox 360 platform revenue decreased $113 million, due mainly to decreased volumes of Kinect for Xbox 360 sold and lower video game revenue, offset in part by higher Xbox LIVE revenue. We shipped 13.0 million Xbox 360 consoles during fiscal year 2012, compared with 13.7 million Xbox 360 consoles during fiscal year 2011. Video game revenue decreased due to strong sales of Halo Reach in the prior year. </mda:BusinessSegmentsRevenueContributedByTypeOfProductOrService>
  <msft:BusinessSegmentsIncomeTextBlock contextRef="FY12YTD_EDD">EDD operating income decreased reflecting higher operating expenses, offset in part by revenue growth. Cost of revenue grew $900 million or 16%, primarily due to changes in the mix of products and services sold and payments made to Nokia related to joint strategic initiatives. Research and development expenses increased $356 million or 30%, primarily reflecting higher headcount-related expenses. Sales and marketing expenses increased $244 million or 28%, primarily reflecting the inclusion of Skype expenses. </msft:BusinessSegmentsIncomeTextBlock>
  <msft:OperatingRevenue_OneYearDelta_Div_OperatingRevenue contextRef="FY12YTD_MBD_Gaap">0.07</msft:OperatingRevenue_OneYearDelta_Div_OperatingRevenue>
  <msft:OperatingProfit_OneYearDelta_Div_OperatingProfit contextRef="FY12YTD_MBD_Gaap">0.07</msft:OperatingProfit_OneYearDelta_Div_OperatingProfit>
  <mda:BusinessSegmentsDiscussion contextRef="FY12YTD_MBD">Microsoft Business Division (“MBD”) develops and markets software and online services designed to increase personal, team, and organization productivity. MBD offerings include the Microsoft Office system (comprising mainly Office, SharePoint, Exchange, Lync, and Office 365), which generates over 90% of MBD revenue, and Microsoft Dynamics business solutions. We evaluate MBD results based upon the nature of the end user in two primary parts: business revenue, which includes Microsoft Office system revenue generated through volume licensing agreements and Microsoft Dynamics revenue; and consumer revenue, which includes revenue from retail packaged product sales and OEM revenue. </mda:BusinessSegmentsDiscussion>
  <mda:BusinessSegmentsRevenueContributedByTypeOfProductOrService contextRef="FY12YTD_MBD">MBD revenue increased primarily reflecting sales of the 2010 Microsoft Office system. Business revenue increased $1.7 billion or 9%, primarily reflecting growth in multi-year volume licensing revenue, licensing of the 2010 Microsoft Office system to transactional business customers, and an 11% increase in Microsoft Dynamics revenue. Consumer revenue decreased $195 million or 4% due to the recognition of $254 million of revenue in the prior year associated with the Office Deferral. Excluding the fiscal year 2011 impact associated with the Office Deferral, consumer revenue increased $59 million, driven by increased sales of the 2010 Microsoft Office system. 

MBD revenue for the year ended June 30, 2012 included a favorable foreign currency impact of $506 million. 
</mda:BusinessSegmentsRevenueContributedByTypeOfProductOrService>
  <msft:BusinessSegmentsIncomeTextBlock contextRef="FY12YTD_MBD">MBD operating income increased, primarily due to revenue growth, offset in part by higher operating expenses. Cost of revenue increased $258 million or 16%, primarily due to higher online operation and support costs. Research and development expenses increased, due mainly to an increase in headcount-related costs. </msft:BusinessSegmentsIncomeTextBlock>
</xbrl>