<?xml version="1.0" encoding="utf-8"?>
<?mso-infoPathSolution PIVersion="1.0.0.0" href="http://wwwauthoringctp/investor/FormServerTemplates/Components/Home/IRHeroSpot.xsn" name="urn:schemas-microsoft-com:office:infopath:IRHeroSpot:http---schemas-microsoft-com-Csp-Content" solutionVersion="1.0.0.101" language="en-us" productVersion="14.0.0" ?>
<?mso-application progid="InfoPath.Document" versionProgid="InfoPath.Document.2"?>
<?MicrosoftWindowsSharePointServices ContentTypeID="0x01010100FA3239C0637142C2AA160383B94654BC020100C5F838EB8A6EBF4F8973ECD94EE1146D00135637769AE649468BF9560EE60678EC"?>
<c:component type="IRHeroSpot" enabled="" xmlns:xsi="http://www.w3.org/2001/XMLSchema-instance" xmlns:c="http://schemas.microsoft.com/Csp/Content" xmlns:my="http://schemas.microsoft.com/office/infopath/2003/myXSD/2011-06-29T21:42:14" xmlns:xd="http://schemas.microsoft.com/office/infopath/2003">
	<IRHeroSpot>
		<templateD>
			<modules>
				<c:moduleA type="Text" displayOnMobile="true">
					<mainText>Microsoft Fiscal Year 2012 Fourth Quarter Earnings Conference Call</mainText>
					<secondaryText>Duis autem vel eum iriure dolor in hendrerit Duis autem vel eum iriure dolor in hendrerit.</secondaryText>
					<bottomText type="iconText">
						<text>Event</text>
						<icon>calendar</icon>
					</bottomText>
					<image type="image" cssClass="">
						<src>
							<c:include type="Image" resolve="false" sourcedFrom="external" externalPath="/global/investor/PublishingImages/img-marquee1.jpg" height="" width="" query="">/en-us/test/PublishingImages/img-marquee1.jpg</c:include>
						</src>
					</image>
					<video type="video" cssClass="">
						<html5Url>
							<c:include type="" resolve="false" sourcedFrom="external" externalPath="http://img1.catalog.video.msn.com/image.aspx?uuid=8f9d3464-0828-4dca-835f-fc6138ea42f4" height="" width="" query="">http://img1.catalog.video.msn.com/image.aspx?uuid=8f9d3464-0828-4dca-835f-fc6138ea42f4</c:include>
						</html5Url>
						<silverlightUrl>
							<c:include type="" resolve="false" sourcedFrom="external" externalPath="http://www.microsoft.com/en-us/showcase/details.aspx?uuid=77c905be-a0af-412f-b3db-286013bb6a46" height="" width="" query="">http://www.microsoft.com/en-us/showcase/details.aspx?uuid=77c905be-a0af-412f-b3db-286013bb6a46</c:include>
						</silverlightUrl>
					</video>
					<link>
						<url>
							<c:include type="" resolve="false" sourcedFrom="external" externalPath="http://www.microsoft.com/?id=externallink" height="" width="" query="">http://www.microsoft.com/?id=externallink</c:include>
						</url>
					</link>
				</c:moduleA>
				<c:moduleB displayOnMobile="true">
					<mainText>2012 &lt;br /&gt;ANNUAL REPORT&lt;/&gt;</mainText>
					<bottomText type="iconText">
						<text>Report</text>
						<icon>report</icon>
					</bottomText>
					<image type="image" cssClass="">
						<src>
							<c:include type="Image" resolve="false" sourcedFrom="external" externalPath="/global/investor/PublishingImages/img-marquee104x104.jpg" height="" width="" query="">/en-us/test/PublishingImages/img-marquee104x104.jpg</c:include>
						</src>
					</image>
					<video type="video" cssClass="">
						<html5Url>
							<c:include type="" resolve="false" sourcedFrom="external" externalPath="http://img1.catalog.video.msn.com/image.aspx?uuid=8f9d3464-0828-4dca-835f-fc6138ea42f4" height="" width="" query="">http://img1.catalog.video.msn.com/image.aspx?uuid=8f9d3464-0828-4dca-835f-fc6138ea42f4</c:include>
						</html5Url>
						<silverlightUrl>
							<c:include type="" resolve="false" sourcedFrom="external" externalPath="http://www.microsoft.com/en-us/showcase/details.aspx?uuid=77c905be-a0af-412f-b3db-286013bb6a46" height="" width="" query="">http://www.microsoft.com/en-us/showcase/details.aspx?uuid=77c905be-a0af-412f-b3db-286013bb6a46</c:include>
						</silverlightUrl>
					</video>
					<link>
						<url>
							<c:include type="" resolve="false" sourcedFrom="external" externalPath="http://www.microsoft.com/?id=externallink" height="" width="" query="">http://www.microsoft.com/?id=externallink</c:include>
						</url>
					</link>
				</c:moduleB>
				<c:moduleC displayOnMobile="true">
					<mainText>Introducing &lt;br /&gt;Microsoft 2012 &lt;br /&gt;Citizenship Report</mainText>
					<bottomText type="iconText">
						<text>Report</text>
						<icon>report</icon>
					</bottomText>
					<link>
						<url>
							<c:include type="" resolve="false" sourcedFrom="external" externalPath="http://www.microsoft.com/?id=externallink" height="" width="" query="">http://www.microsoft.com/?id=externallink</c:include>
						</url>
					</link>
				</c:moduleC>
				<c:moduleD displayOnMobile="true">
					<mainText>Morgan Stanley &lt;br /&gt;Technology Conference</mainText>
					<bottomText type="iconText">
						<text>Video</text>
						<icon>video</icon>
					</bottomText>
					<image type="image" cssClass="">
						<src>
							<c:include type="Image" resolve="false" sourcedFrom="external" externalPath="/global/investor/PublishingImages/img-marquee211x214.jpg" height="" width="" query="">/en-us/test/PublishingImages/img-marquee211x214.jpg</c:include>
						</src>
					</image>
					<video type="video" cssClass="">
						<html5Url>
							<c:include type="" resolve="false" sourcedFrom="external" externalPath="http://img1.catalog.video.msn.com/image.aspx?uuid=8f9d3464-0828-4dca-835f-fc6138ea42f4" height="" width="" query="">http://img1.catalog.video.msn.com/image.aspx?uuid=8f9d3464-0828-4dca-835f-fc6138ea42f4</c:include>
						</html5Url>
						<silverlightUrl>
							<c:include type="" resolve="false" sourcedFrom="external" externalPath="http://www.microsoft.com/en-us/showcase/details.aspx?uuid=77c905be-a0af-412f-b3db-286013bb6a46" height="" width="" query="">http://www.microsoft.com/en-us/showcase/details.aspx?uuid=77c905be-a0af-412f-b3db-286013bb6a46</c:include>
						</silverlightUrl>
					</video>
					<link>
						<url>
							<c:include type="" resolve="false" sourcedFrom="external" externalPath="http://www.microsoft.com/?id=externallink" height="" width="" query="">http://www.microsoft.com/?id=externallink</c:include>
						</url>
					</link>
				</c:moduleD>
				<c:moduleF displayOnMobile="true">
					<mainText>EARNINGS RELEASE &lt;br /&gt;FY12 Q3</mainText>
					<bottomText type="iconText">
						<text>
                            Statement</text>
						<icon>statement</icon>
					</bottomText>
					<link>
						<url>
							<c:include type="" resolve="false" sourcedFrom="external" externalPath="http://www.microsoft.com/?id=externallink" height="" width="" query="">http://www.microsoft.com/?id=externallink</c:include>
						</url>
					</link>
				</c:moduleF>
				<c:moduleG displayOnMobile="true">
					<mainText>Microsoft Declares &lt;br /&gt;Quaterly Dividend</mainText>
					<secondaryText>May 13, 2012</secondaryText>
					<bottomText type="iconText">
						<text>Announcement</text>
						<icon>announcement</icon>
					</bottomText>
					<link>
						<url>
							<c:include type="" resolve="false" sourcedFrom="external" externalPath="http://www.microsoft.com/?id=externallink" height="" width="" query="">http://www.microsoft.com/?id=externallink</c:include>
						</url>
					</link>
				</c:moduleG>
			</modules>
		</templateD>
	</IRHeroSpot>
</c:component>