<IRStockSplit>
  <StockSplitTitle>Dividends and Stock History</StockSplitTitle>
  <StockSplitContents>
    <Content type="qa">
      <ContentTitle>Dividend Information</ContentTitle>
      <HtmlBody />
      <ListItemBody>
        <Icon />
        <ListItems>
          <ListItem>
            <Text></Text>
            <Target>_blank</Target>
            <Url />
          </ListItem>
        </ListItems>
      </ListItemBody>
      <HtmlAndListItemBody>
        <Icon />
        <HtmlContent />
        <ListItems>
          <ListItem>
            <Text></Text>
            <Target>_blank</Target>
            <Url />
          </ListItem>
        </ListItems>
      </HtmlAndListItemBody>
      <QuestionAndAnswerBody>
        <Icon />
        <QuestionAndAnswers>
          <QuestionAndAnswer>
            <Question>Direct Stock Purchase and Dividend Reinvestment Plan</Question>
            <Answer>
              American Stock Transfer, Microsoft's transfer agent, administers a direct stock purchase plan and a dividend reinvestment program for the company. To find out more about these programs you may contact AST directly at (800) 285-7772, Option 1, between the hours of 5 A.M. and 4 P.M. Pacific Time, Monday through Thursday, and 5 A.M. and 2 P.M. Pacific Time on Fridays. Alternatively, you can the view program online by going to <a href="http://www.amstock.com/company/microsoft.asp" target="_blank" xmlns="http://www.w3.org/1999/xhtml" xmlns:ns1="http://schemas.microsoft.com/office/infopath/2003/myXSD/2008-04-20T09:10:41" xmlns:dfs="http://schemas.microsoft.com/office/infopath/2003/dataFormSolution" xmlns:c="http://schemas.microsoft.com/Csp/Content" xmlns:xhtml="http://www.w3.org/1999/xhtml" xmlns:xsi="http://www.w3.org/2001/XMLSchema-instance" xmlns:ns2="http://schemas.microsoft.com/office/infopath/2003/myXSD/2010-03-23T02:55:36" xmlns:my="http://schemas.microsoft.com/office/infopath/2003/myXSD/2010-04-13T08:15:53" xmlns:xd="http://schemas.microsoft.com/office/infopath/2003">AST’s Web site</a>.
            </Answer>
          </QuestionAndAnswer>
          <QuestionAndAnswer>
            <Question>Quarterly Dividend </Question>
            <Answer>Microsoft pays a quarterly dividend of $0.20 per share. <a href="http://www.microsoft.com/en-us/news/press/2012/jun12/06-13DividendPR.aspx" target="_blank" xmlns="http://www.w3.org/1999/xhtml" xmlns:ns1="http://schemas.microsoft.com/office/infopath/2003/myXSD/2008-04-20T09:10:41" xmlns:dfs="http://schemas.microsoft.com/office/infopath/2003/dataFormSolution" xmlns:c="http://schemas.microsoft.com/Csp/Content" xmlns:xhtml="http://www.w3.org/1999/xhtml" xmlns:xsi="http://www.w3.org/2001/XMLSchema-instance" xmlns:ns2="http://schemas.microsoft.com/office/infopath/2003/myXSD/2010-03-23T02:55:36" xmlns:my="http://schemas.microsoft.com/office/infopath/2003/myXSD/2010-04-13T08:15:53" xmlns:xd="http://schemas.microsoft.com/office/infopath/2003">Read the press release</a>. </Answer>
          </QuestionAndAnswer>
          <QuestionAndAnswer>
            <Question>Microsoft's Dividend History</Question>
            <Answer>
              <div xmlns="http://www.w3.org/1999/xhtml" xmlns:ns1="http://schemas.microsoft.com/office/infopath/2003/myXSD/2008-04-20T09:10:41" xmlns:dfs="http://schemas.microsoft.com/office/infopath/2003/dataFormSolution" xmlns:c="http://schemas.microsoft.com/Csp/Content" xmlns:xhtml="http://www.w3.org/1999/xhtml" xmlns:xsi="http://www.w3.org/2001/XMLSchema-instance" xmlns:ns2="http://schemas.microsoft.com/office/infopath/2003/myXSD/2010-03-23T02:55:36" xmlns:my="http://schemas.microsoft.com/office/infopath/2003/myXSD/2010-04-13T08:15:53" xmlns:xd="http://schemas.microsoft.com/office/infopath/2003">This table lists the dividend payments, amounts, and key dates:</div>
              <br xmlns="http://www.w3.org/1999/xhtml" xmlns:ns1="http://schemas.microsoft.com/office/infopath/2003/myXSD/2008-04-20T09:10:41" xmlns:dfs="http://schemas.microsoft.com/office/infopath/2003/dataFormSolution" xmlns:c="http://schemas.microsoft.com/Csp/Content" xmlns:xhtml="http://www.w3.org/1999/xhtml" xmlns:xsi="http://www.w3.org/2001/XMLSchema-instance" xmlns:ns2="http://schemas.microsoft.com/office/infopath/2003/myXSD/2010-03-23T02:55:36" xmlns:my="http://schemas.microsoft.com/office/infopath/2003/myXSD/2010-04-13T08:15:53" xmlns:xd="http://schemas.microsoft.com/office/infopath/2003" />
              <div xmlns="http://www.w3.org/1999/xhtml" xmlns:ns1="http://schemas.microsoft.com/office/infopath/2003/myXSD/2008-04-20T09:10:41" xmlns:dfs="http://schemas.microsoft.com/office/infopath/2003/dataFormSolution" xmlns:c="http://schemas.microsoft.com/Csp/Content" xmlns:xhtml="http://www.w3.org/1999/xhtml" xmlns:xsi="http://www.w3.org/2001/XMLSchema-instance" xmlns:ns2="http://schemas.microsoft.com/office/infopath/2003/myXSD/2010-03-23T02:55:36" xmlns:my="http://schemas.microsoft.com/office/infopath/2003/myXSD/2010-04-13T08:15:53" xmlns:xd="http://schemas.microsoft.com/office/infopath/2003">
                <strong>Quarterly Dividend</strong>
              </div>
              <div style="POSITION: relative" xmlns="http://www.w3.org/1999/xhtml" xmlns:ns1="http://schemas.microsoft.com/office/infopath/2003/myXSD/2008-04-20T09:10:41" xmlns:dfs="http://schemas.microsoft.com/office/infopath/2003/dataFormSolution" xmlns:c="http://schemas.microsoft.com/Csp/Content" xmlns:xhtml="http://www.w3.org/1999/xhtml" xmlns:xsi="http://www.w3.org/2001/XMLSchema-instance" xmlns:ns2="http://schemas.microsoft.com/office/infopath/2003/myXSD/2010-03-23T02:55:36" xmlns:my="http://schemas.microsoft.com/office/infopath/2003/myXSD/2010-04-13T08:15:53" xmlns:xd="http://schemas.microsoft.com/office/infopath/2003">
                <table style="BORDER-BOTTOM-STYLE: none; BORDER-LEFT-STYLE: none; BORDER-TOP-STYLE: none; BORDER-RIGHT-STYLE: none" class="msoUcTable" tabIndex="-1" border="0" cellspacing="1" cellpadding="0">
                  <colgroup>
                    <col style="WIDTH: 82px" />
                    <col style="WIDTH: 65px" />
                    <col style="WIDTH: 114px" />
                    <col style="WIDTH: 99px" />
                    <col style="WIDTH: 99px" />
                    <col style="WIDTH: 105px" />
                  </colgroup>
                  <tbody>
                    <tr>
                      <td style="BORDER-BOTTOM-STYLE: none; BORDER-LEFT-STYLE: none; BORDER-TOP-STYLE: none; BORDER-RIGHT-STYLE: none">
                        <div align="center">
                          <strong>Dividend <br />Period </strong>
                        </div>
                      </td>
                      <td style="BORDER-BOTTOM-STYLE: none; BORDER-LEFT-STYLE: none; BORDER-TOP-STYLE: none; BORDER-RIGHT-STYLE: none">
                        <div align="center">
                          <strong>Amount </strong>
                        </div>
                      </td>
                      <td style="BORDER-BOTTOM-STYLE: none; BORDER-LEFT-STYLE: none; BORDER-TOP-STYLE: none; BORDER-RIGHT-STYLE: none">
                        <div align="center">
                          <strong>Announcement<br />Date </strong>
                        </div>
                      </td>
                      <td style="BORDER-BOTTOM-STYLE: none; BORDER-LEFT-STYLE: none; BORDER-TOP-STYLE: none; BORDER-RIGHT-STYLE: none">
                        <div align="center">
                          <strong>Ex-Dividend<br />Date </strong>
                        </div>
                      </td>
                      <td style="BORDER-BOTTOM-STYLE: none; BORDER-LEFT-STYLE: none; BORDER-TOP-STYLE: none; BORDER-RIGHT-STYLE: none">
                        <div align="center">
                          <strong>Record Date </strong>
                        </div>
                      </td>
                      <td style="BORDER-BOTTOM-STYLE: none; BORDER-LEFT-STYLE: none; BORDER-TOP-STYLE: none; BORDER-RIGHT-STYLE: none">
                        <div align="center">
                          <strong>Payable Date </strong>
                        </div>
                      </td>
                    </tr>
                  </tbody>
                  <tbody>
                    <tr>
                      <td style="BORDER-BOTTOM-STYLE: none; BORDER-LEFT-STYLE: none; BORDER-TOP-STYLE: none; BORDER-RIGHT-STYLE: none">FY2012 Q4</td>
                      <td style="BORDER-BOTTOM-STYLE: none; BORDER-LEFT-STYLE: none; BORDER-TOP-STYLE: none; BORDER-RIGHT-STYLE: none">$0.20</td>
                      <td style="BORDER-BOTTOM-STYLE: none; BORDER-LEFT-STYLE: none; BORDER-TOP-STYLE: none; BORDER-RIGHT-STYLE: none">Jun 13, 2012</td>
                      <td style="BORDER-BOTTOM-STYLE: none; BORDER-LEFT-STYLE: none; BORDER-TOP-STYLE: none; BORDER-RIGHT-STYLE: none">Aug 14, 2012</td>
                      <td style="BORDER-BOTTOM-STYLE: none; BORDER-LEFT-STYLE: none; BORDER-TOP-STYLE: none; BORDER-RIGHT-STYLE: none">Aug 16, 2012</td>
                      <td style="BORDER-BOTTOM-STYLE: none; BORDER-LEFT-STYLE: none; BORDER-TOP-STYLE: none; BORDER-RIGHT-STYLE: none">Sept 13, 2012 </td>
                    </tr>
                    <tr>
                      <td style="BORDER-BOTTOM-STYLE: none; BORDER-LEFT-STYLE: none; BORDER-TOP-STYLE: none; BORDER-RIGHT-STYLE: none">FY2012 Q3</td>
                      <td style="BORDER-BOTTOM-STYLE: none; BORDER-LEFT-STYLE: none; BORDER-TOP-STYLE: none; BORDER-RIGHT-STYLE: none">$0.20</td>
                      <td style="BORDER-BOTTOM-STYLE: none; BORDER-LEFT-STYLE: none; BORDER-TOP-STYLE: none; BORDER-RIGHT-STYLE: none">Mar 13, 2012</td>
                      <td style="BORDER-BOTTOM-STYLE: none; BORDER-LEFT-STYLE: none; BORDER-TOP-STYLE: none; BORDER-RIGHT-STYLE: none">May 15, 2012</td>
                      <td style="BORDER-BOTTOM-STYLE: none; BORDER-LEFT-STYLE: none; BORDER-TOP-STYLE: none; BORDER-RIGHT-STYLE: none">May 17, 2012</td>
                      <td style="BORDER-BOTTOM-STYLE: none; BORDER-LEFT-STYLE: none; BORDER-TOP-STYLE: none; BORDER-RIGHT-STYLE: none">Jun 14, 2012 </td>
                    </tr>
                    <tr>
                      <td style="BORDER-BOTTOM-STYLE: none; BORDER-LEFT-STYLE: none; BORDER-TOP-STYLE: none; BORDER-RIGHT-STYLE: none">FY2012 Q2</td>
                      <td style="BORDER-BOTTOM-STYLE: none; BORDER-LEFT-STYLE: none; BORDER-TOP-STYLE: none; BORDER-RIGHT-STYLE: none">$0.20</td>
                      <td style="BORDER-BOTTOM-STYLE: none; BORDER-LEFT-STYLE: none; BORDER-TOP-STYLE: none; BORDER-RIGHT-STYLE: none">Dec 14, 2011</td>
                      <td style="BORDER-BOTTOM-STYLE: none; BORDER-LEFT-STYLE: none; BORDER-TOP-STYLE: none; BORDER-RIGHT-STYLE: none">Feb 14, 2012</td>
                      <td style="BORDER-BOTTOM-STYLE: none; BORDER-LEFT-STYLE: none; BORDER-TOP-STYLE: none; BORDER-RIGHT-STYLE: none">Feb 16, 2012</td>
                      <td style="BORDER-BOTTOM-STYLE: none; BORDER-LEFT-STYLE: none; BORDER-TOP-STYLE: none; BORDER-RIGHT-STYLE: none">Mar 8, 2012 </td>
                    </tr>
                    <tr>
                      <td style="BORDER-BOTTOM-STYLE: none; BORDER-LEFT-STYLE: none; BORDER-TOP-STYLE: none; BORDER-RIGHT-STYLE: none">FY2012 Q1</td>
                      <td style="BORDER-BOTTOM-STYLE: none; BORDER-LEFT-STYLE: none; BORDER-TOP-STYLE: none; BORDER-RIGHT-STYLE: none">$0.20 </td>
                      <td style="BORDER-BOTTOM-STYLE: none; BORDER-LEFT-STYLE: none; BORDER-TOP-STYLE: none; BORDER-RIGHT-STYLE: none">Sept 20, 2011 </td>
                      <td style="BORDER-BOTTOM-STYLE: none; BORDER-LEFT-STYLE: none; BORDER-TOP-STYLE: none; BORDER-RIGHT-STYLE: none">Nov 15, 2011</td>
                      <td style="BORDER-BOTTOM-STYLE: none; BORDER-LEFT-STYLE: none; BORDER-TOP-STYLE: none; BORDER-RIGHT-STYLE: none">Nov 17, 2011</td>
                      <td style="BORDER-BOTTOM-STYLE: none; BORDER-LEFT-STYLE: none; BORDER-TOP-STYLE: none; BORDER-RIGHT-STYLE: none">Dec 8, 2011 </td>
                    </tr>
                    <tr>
                      <td style="BORDER-BOTTOM-STYLE: none; BORDER-LEFT-STYLE: none; BORDER-TOP-STYLE: none; BORDER-RIGHT-STYLE: none">FY2011 Q4</td>
                      <td style="BORDER-BOTTOM-STYLE: none; BORDER-LEFT-STYLE: none; BORDER-TOP-STYLE: none; BORDER-RIGHT-STYLE: none">$0.16 </td>
                      <td style="BORDER-BOTTOM-STYLE: none; BORDER-LEFT-STYLE: none; BORDER-TOP-STYLE: none; BORDER-RIGHT-STYLE: none">Jun 15, 2011 </td>
                      <td style="BORDER-BOTTOM-STYLE: none; BORDER-LEFT-STYLE: none; BORDER-TOP-STYLE: none; BORDER-RIGHT-STYLE: none">Aug 16, 2011</td>
                      <td style="BORDER-BOTTOM-STYLE: none; BORDER-LEFT-STYLE: none; BORDER-TOP-STYLE: none; BORDER-RIGHT-STYLE: none">Aug 18, 2011</td>
                      <td style="BORDER-BOTTOM-STYLE: none; BORDER-LEFT-STYLE: none; BORDER-TOP-STYLE: none; BORDER-RIGHT-STYLE: none">Sept 8, 2011 </td>
                    </tr>
                    <tr>
                      <td style="BORDER-BOTTOM-STYLE: none; BORDER-LEFT-STYLE: none; BORDER-TOP-STYLE: none; BORDER-RIGHT-STYLE: none">FY2011 Q3</td>
                      <td style="BORDER-BOTTOM-STYLE: none; BORDER-LEFT-STYLE: none; BORDER-TOP-STYLE: none; BORDER-RIGHT-STYLE: none">$0.16 </td>
                      <td style="BORDER-BOTTOM-STYLE: none; BORDER-LEFT-STYLE: none; BORDER-TOP-STYLE: none; BORDER-RIGHT-STYLE: none">Mar 14, 2011 </td>
                      <td style="BORDER-BOTTOM-STYLE: none; BORDER-LEFT-STYLE: none; BORDER-TOP-STYLE: none; BORDER-RIGHT-STYLE: none">May 17, 2011</td>
                      <td style="BORDER-BOTTOM-STYLE: none; BORDER-LEFT-STYLE: none; BORDER-TOP-STYLE: none; BORDER-RIGHT-STYLE: none">May 19, 2011</td>
                      <td style="BORDER-BOTTOM-STYLE: none; BORDER-LEFT-STYLE: none; BORDER-TOP-STYLE: none; BORDER-RIGHT-STYLE: none">Jun 9, 2011 </td>
                    </tr>
                    <tr>
                      <td style="BORDER-BOTTOM-STYLE: none; BORDER-LEFT-STYLE: none; BORDER-TOP-STYLE: none; BORDER-RIGHT-STYLE: none">FY2011 Q2</td>
                      <td style="BORDER-BOTTOM-STYLE: none; BORDER-LEFT-STYLE: none; BORDER-TOP-STYLE: none; BORDER-RIGHT-STYLE: none">$0.16 </td>
                      <td style="BORDER-BOTTOM-STYLE: none; BORDER-LEFT-STYLE: none; BORDER-TOP-STYLE: none; BORDER-RIGHT-STYLE: none">Dec 15, 2010 </td>
                      <td style="BORDER-BOTTOM-STYLE: none; BORDER-LEFT-STYLE: none; BORDER-TOP-STYLE: none; BORDER-RIGHT-STYLE: none">Feb 15, 2011</td>
                      <td style="BORDER-BOTTOM-STYLE: none; BORDER-LEFT-STYLE: none; BORDER-TOP-STYLE: none; BORDER-RIGHT-STYLE: none">Feb 17, 2011</td>
                      <td style="BORDER-BOTTOM-STYLE: none; BORDER-LEFT-STYLE: none; BORDER-TOP-STYLE: none; BORDER-RIGHT-STYLE: none">Mar 10, 2011 </td>
                    </tr>
                    <tr>
                      <td style="BORDER-BOTTOM-STYLE: none; BORDER-LEFT-STYLE: none; BORDER-TOP-STYLE: none; BORDER-RIGHT-STYLE: none">FY2011 Q1 </td>
                      <td style="BORDER-BOTTOM-STYLE: none; BORDER-LEFT-STYLE: none; BORDER-TOP-STYLE: none; BORDER-RIGHT-STYLE: none">$0.16 </td>
                      <td style="BORDER-BOTTOM-STYLE: none; BORDER-LEFT-STYLE: none; BORDER-TOP-STYLE: none; BORDER-RIGHT-STYLE: none">Sep 21, 2010 </td>
                      <td style="BORDER-BOTTOM-STYLE: none; BORDER-LEFT-STYLE: none; BORDER-TOP-STYLE: none; BORDER-RIGHT-STYLE: none">Nov 16, 2010</td>
                      <td style="BORDER-BOTTOM-STYLE: none; BORDER-LEFT-STYLE: none; BORDER-TOP-STYLE: none; BORDER-RIGHT-STYLE: none">Nov 18, 2010</td>
                      <td style="BORDER-BOTTOM-STYLE: none; BORDER-LEFT-STYLE: none; BORDER-TOP-STYLE: none; BORDER-RIGHT-STYLE: none">Dec 9, 2010 </td>
                    </tr>
                    <tr>
                      <td style="BORDER-BOTTOM-STYLE: none; BORDER-LEFT-STYLE: none; BORDER-TOP-STYLE: none; BORDER-RIGHT-STYLE: none">FY2010 Q4 </td>
                      <td style="BORDER-BOTTOM-STYLE: none; BORDER-LEFT-STYLE: none; BORDER-TOP-STYLE: none; BORDER-RIGHT-STYLE: none">$0.13 </td>
                      <td style="BORDER-BOTTOM-STYLE: none; BORDER-LEFT-STYLE: none; BORDER-TOP-STYLE: none; BORDER-RIGHT-STYLE: none">Jun 16, 2010 </td>
                      <td style="BORDER-BOTTOM-STYLE: none; BORDER-LEFT-STYLE: none; BORDER-TOP-STYLE: none; BORDER-RIGHT-STYLE: none">Aug 17, 2010 <!--EndFragment--></td>
                      <td style="BORDER-BOTTOM-STYLE: none; BORDER-LEFT-STYLE: none; BORDER-TOP-STYLE: none; BORDER-RIGHT-STYLE: none">Aug 19, 2010</td>
                      <td style="BORDER-BOTTOM-STYLE: none; BORDER-LEFT-STYLE: none; BORDER-TOP-STYLE: none; BORDER-RIGHT-STYLE: none">Sept 9, 2010 </td>
                    </tr>
                    <tr>
                      <td style="BORDER-BOTTOM-STYLE: none; BORDER-LEFT-STYLE: none; BORDER-TOP-STYLE: none; BORDER-RIGHT-STYLE: none">FY2010 Q3 </td>
                      <td style="BORDER-BOTTOM-STYLE: none; BORDER-LEFT-STYLE: none; BORDER-TOP-STYLE: none; BORDER-RIGHT-STYLE: none">$0.13 </td>
                      <td style="BORDER-BOTTOM-STYLE: none; BORDER-LEFT-STYLE: none; BORDER-TOP-STYLE: none; BORDER-RIGHT-STYLE: none">Mar 8, 2010 </td>
                      <td style="BORDER-BOTTOM-STYLE: none; BORDER-LEFT-STYLE: none; BORDER-TOP-STYLE: none; BORDER-RIGHT-STYLE: none">May 18, 2010 </td>
                      <td style="BORDER-BOTTOM-STYLE: none; BORDER-LEFT-STYLE: none; BORDER-TOP-STYLE: none; BORDER-RIGHT-STYLE: none">May 20, 2010 </td>
                      <td style="BORDER-BOTTOM-STYLE: none; BORDER-LEFT-STYLE: none; BORDER-TOP-STYLE: none; BORDER-RIGHT-STYLE: none">Jun 10, 2010 </td>
                    </tr>
                    <tr>
                      <td style="BORDER-BOTTOM-STYLE: none; BORDER-LEFT-STYLE: none; BORDER-TOP-STYLE: none; BORDER-RIGHT-STYLE: none">FY2010 Q2 </td>
                      <td style="BORDER-BOTTOM-STYLE: none; BORDER-LEFT-STYLE: none; BORDER-TOP-STYLE: none; BORDER-RIGHT-STYLE: none">$0.13 </td>
                      <td style="BORDER-BOTTOM-STYLE: none; BORDER-LEFT-STYLE: none; BORDER-TOP-STYLE: none; BORDER-RIGHT-STYLE: none">Dec 9, 2009 </td>
                      <td style="BORDER-BOTTOM-STYLE: none; BORDER-LEFT-STYLE: none; BORDER-TOP-STYLE: none; BORDER-RIGHT-STYLE: none">Feb 16, 2010 </td>
                      <td style="BORDER-BOTTOM-STYLE: none; BORDER-LEFT-STYLE: none; BORDER-TOP-STYLE: none; BORDER-RIGHT-STYLE: none">Feb 18, 2010 </td>
                      <td style="BORDER-BOTTOM-STYLE: none; BORDER-LEFT-STYLE: none; BORDER-TOP-STYLE: none; BORDER-RIGHT-STYLE: none">Mar 11, 2010 </td>
                    </tr>
                    <tr>
                      <td style="BORDER-BOTTOM-STYLE: none; BORDER-LEFT-STYLE: none; BORDER-TOP-STYLE: none; BORDER-RIGHT-STYLE: none">FY2010 Q1 </td>
                      <td style="BORDER-BOTTOM-STYLE: none; BORDER-LEFT-STYLE: none; BORDER-TOP-STYLE: none; BORDER-RIGHT-STYLE: none">$0.13 </td>
                      <td style="BORDER-BOTTOM-STYLE: none; BORDER-LEFT-STYLE: none; BORDER-TOP-STYLE: none; BORDER-RIGHT-STYLE: none">Sep 18, 2009 </td>
                      <td style="BORDER-BOTTOM-STYLE: none; BORDER-LEFT-STYLE: none; BORDER-TOP-STYLE: none; BORDER-RIGHT-STYLE: none">Nov 17, 2009 </td>
                      <td style="BORDER-BOTTOM-STYLE: none; BORDER-LEFT-STYLE: none; BORDER-TOP-STYLE: none; BORDER-RIGHT-STYLE: none">Nov 19, 2009 </td>
                      <td style="BORDER-BOTTOM-STYLE: none; BORDER-LEFT-STYLE: none; BORDER-TOP-STYLE: none; BORDER-RIGHT-STYLE: none">Dec 10, 2009 </td>
                    </tr>
                    <tr>
                      <td style="BORDER-BOTTOM-STYLE: none; BORDER-LEFT-STYLE: none; BORDER-TOP-STYLE: none; BORDER-RIGHT-STYLE: none">FY2009 Q4 </td>
                      <td style="BORDER-BOTTOM-STYLE: none; BORDER-LEFT-STYLE: none; BORDER-TOP-STYLE: none; BORDER-RIGHT-STYLE: none">$0.13 </td>
                      <td style="BORDER-BOTTOM-STYLE: none; BORDER-LEFT-STYLE: none; BORDER-TOP-STYLE: none; BORDER-RIGHT-STYLE: none">Jun 10, 2009 </td>
                      <td style="BORDER-BOTTOM-STYLE: none; BORDER-LEFT-STYLE: none; BORDER-TOP-STYLE: none; BORDER-RIGHT-STYLE: none">Aug 18, 2009 </td>
                      <td style="BORDER-BOTTOM-STYLE: none; BORDER-LEFT-STYLE: none; BORDER-TOP-STYLE: none; BORDER-RIGHT-STYLE: none">Aug 20, 2009 </td>
                      <td style="BORDER-BOTTOM-STYLE: none; BORDER-LEFT-STYLE: none; BORDER-TOP-STYLE: none; BORDER-RIGHT-STYLE: none">Sep 10, 2009 </td>
                    </tr>
                    <tr>
                      <td style="BORDER-BOTTOM-STYLE: none; BORDER-LEFT-STYLE: none; BORDER-TOP-STYLE: none; BORDER-RIGHT-STYLE: none">FY2009 Q3 </td>
                      <td style="BORDER-BOTTOM-STYLE: none; BORDER-LEFT-STYLE: none; BORDER-TOP-STYLE: none; BORDER-RIGHT-STYLE: none">$0.13 </td>
                      <td style="BORDER-BOTTOM-STYLE: none; BORDER-LEFT-STYLE: none; BORDER-TOP-STYLE: none; BORDER-RIGHT-STYLE: none">Mar 9, 2009 </td>
                      <td style="BORDER-BOTTOM-STYLE: none; BORDER-LEFT-STYLE: none; BORDER-TOP-STYLE: none; BORDER-RIGHT-STYLE: none">May 19, 2009 </td>
                      <td style="BORDER-BOTTOM-STYLE: none; BORDER-LEFT-STYLE: none; BORDER-TOP-STYLE: none; BORDER-RIGHT-STYLE: none">May 21, 2009 </td>
                      <td style="BORDER-BOTTOM-STYLE: none; BORDER-LEFT-STYLE: none; BORDER-TOP-STYLE: none; BORDER-RIGHT-STYLE: none">Jun 18, 2009 </td>
                    </tr>
                    <tr>
                      <td style="BORDER-BOTTOM-STYLE: none; BORDER-LEFT-STYLE: none; BORDER-TOP-STYLE: none; BORDER-RIGHT-STYLE: none">FY2009 Q2 </td>
                      <td style="BORDER-BOTTOM-STYLE: none; BORDER-LEFT-STYLE: none; BORDER-TOP-STYLE: none; BORDER-RIGHT-STYLE: none">$0.13 </td>
                      <td style="BORDER-BOTTOM-STYLE: none; BORDER-LEFT-STYLE: none; BORDER-TOP-STYLE: none; BORDER-RIGHT-STYLE: none">Dec 10, 2008 </td>
                      <td style="BORDER-BOTTOM-STYLE: none; BORDER-LEFT-STYLE: none; BORDER-TOP-STYLE: none; BORDER-RIGHT-STYLE: none">Feb 17, 2009 </td>
                      <td style="BORDER-BOTTOM-STYLE: none; BORDER-LEFT-STYLE: none; BORDER-TOP-STYLE: none; BORDER-RIGHT-STYLE: none">Feb 19, 2009 </td>
                      <td style="BORDER-BOTTOM-STYLE: none; BORDER-LEFT-STYLE: none; BORDER-TOP-STYLE: none; BORDER-RIGHT-STYLE: none">Mar 12, 2009 </td>
                    </tr>
                    <tr>
                      <td style="BORDER-BOTTOM-STYLE: none; BORDER-LEFT-STYLE: none; BORDER-TOP-STYLE: none; BORDER-RIGHT-STYLE: none">FY2009 Q1 </td>
                      <td style="BORDER-BOTTOM-STYLE: none; BORDER-LEFT-STYLE: none; BORDER-TOP-STYLE: none; BORDER-RIGHT-STYLE: none">$0.13 </td>
                      <td style="BORDER-BOTTOM-STYLE: none; BORDER-LEFT-STYLE: none; BORDER-TOP-STYLE: none; BORDER-RIGHT-STYLE: none">Sep 22, 2008 </td>
                      <td style="BORDER-BOTTOM-STYLE: none; BORDER-LEFT-STYLE: none; BORDER-TOP-STYLE: none; BORDER-RIGHT-STYLE: none">Nov 18, 2008 </td>
                      <td style="BORDER-BOTTOM-STYLE: none; BORDER-LEFT-STYLE: none; BORDER-TOP-STYLE: none; BORDER-RIGHT-STYLE: none">Nov 20, 2008 </td>
                      <td style="BORDER-BOTTOM-STYLE: none; BORDER-LEFT-STYLE: none; BORDER-TOP-STYLE: none; BORDER-RIGHT-STYLE: none">Dec 11, 2008 </td>
                    </tr>
                    <tr>
                      <td style="BORDER-BOTTOM-STYLE: none; BORDER-LEFT-STYLE: none; BORDER-TOP-STYLE: none; BORDER-RIGHT-STYLE: none">FY2008 Q4 </td>
                      <td style="BORDER-BOTTOM-STYLE: none; BORDER-LEFT-STYLE: none; BORDER-TOP-STYLE: none; BORDER-RIGHT-STYLE: none">$0.11 </td>
                      <td style="BORDER-BOTTOM-STYLE: none; BORDER-LEFT-STYLE: none; BORDER-TOP-STYLE: none; BORDER-RIGHT-STYLE: none">Jun 11, 2008 </td>
                      <td style="BORDER-BOTTOM-STYLE: none; BORDER-LEFT-STYLE: none; BORDER-TOP-STYLE: none; BORDER-RIGHT-STYLE: none">Aug 19, 2008 </td>
                      <td style="BORDER-BOTTOM-STYLE: none; BORDER-LEFT-STYLE: none; BORDER-TOP-STYLE: none; BORDER-RIGHT-STYLE: none">Aug 21, 2008 </td>
                      <td style="BORDER-BOTTOM-STYLE: none; BORDER-LEFT-STYLE: none; BORDER-TOP-STYLE: none; BORDER-RIGHT-STYLE: none">Sep 11, 2008 </td>
                    </tr>
                    <tr>
                      <td style="BORDER-BOTTOM-STYLE: none; BORDER-LEFT-STYLE: none; BORDER-TOP-STYLE: none; BORDER-RIGHT-STYLE: none">FY2008 Q3 </td>
                      <td style="BORDER-BOTTOM-STYLE: none; BORDER-LEFT-STYLE: none; BORDER-TOP-STYLE: none; BORDER-RIGHT-STYLE: none">$0.11 </td>
                      <td style="BORDER-BOTTOM-STYLE: none; BORDER-LEFT-STYLE: none; BORDER-TOP-STYLE: none; BORDER-RIGHT-STYLE: none">Mar 17, 2008 </td>
                      <td style="BORDER-BOTTOM-STYLE: none; BORDER-LEFT-STYLE: none; BORDER-TOP-STYLE: none; BORDER-RIGHT-STYLE: none">May 13, 2008 </td>
                      <td style="BORDER-BOTTOM-STYLE: none; BORDER-LEFT-STYLE: none; BORDER-TOP-STYLE: none; BORDER-RIGHT-STYLE: none">May 15, 2008 </td>
                      <td style="BORDER-BOTTOM-STYLE: none; BORDER-LEFT-STYLE: none; BORDER-TOP-STYLE: none; BORDER-RIGHT-STYLE: none">Jun 12, 2008 </td>
                    </tr>
                    <tr>
                      <td style="BORDER-BOTTOM-STYLE: none; BORDER-LEFT-STYLE: none; BORDER-TOP-STYLE: none; BORDER-RIGHT-STYLE: none">FY2008 Q2 </td>
                      <td style="BORDER-BOTTOM-STYLE: none; BORDER-LEFT-STYLE: none; BORDER-TOP-STYLE: none; BORDER-RIGHT-STYLE: none">$0.11 </td>
                      <td style="BORDER-BOTTOM-STYLE: none; BORDER-LEFT-STYLE: none; BORDER-TOP-STYLE: none; BORDER-RIGHT-STYLE: none">Dec 19, 2007 </td>
                      <td style="BORDER-BOTTOM-STYLE: none; BORDER-LEFT-STYLE: none; BORDER-TOP-STYLE: none; BORDER-RIGHT-STYLE: none">Feb 19, 2008 </td>
                      <td style="BORDER-BOTTOM-STYLE: none; BORDER-LEFT-STYLE: none; BORDER-TOP-STYLE: none; BORDER-RIGHT-STYLE: none">Feb 21, 2008 </td>
                      <td style="BORDER-BOTTOM-STYLE: none; BORDER-LEFT-STYLE: none; BORDER-TOP-STYLE: none; BORDER-RIGHT-STYLE: none">Mar 13, 2008 </td>
                    </tr>
                    <tr>
                      <td style="BORDER-BOTTOM-STYLE: none; BORDER-LEFT-STYLE: none; BORDER-TOP-STYLE: none; BORDER-RIGHT-STYLE: none">FY2008 Q1 </td>
                      <td style="BORDER-BOTTOM-STYLE: none; BORDER-LEFT-STYLE: none; BORDER-TOP-STYLE: none; BORDER-RIGHT-STYLE: none">$0.11 </td>
                      <td style="BORDER-BOTTOM-STYLE: none; BORDER-LEFT-STYLE: none; BORDER-TOP-STYLE: none; BORDER-RIGHT-STYLE: none">Sep 12, 2007 </td>
                      <td style="BORDER-BOTTOM-STYLE: none; BORDER-LEFT-STYLE: none; BORDER-TOP-STYLE: none; BORDER-RIGHT-STYLE: none">Nov 13, 2007 </td>
                      <td style="BORDER-BOTTOM-STYLE: none; BORDER-LEFT-STYLE: none; BORDER-TOP-STYLE: none; BORDER-RIGHT-STYLE: none">Nov 15, 2007 </td>
                      <td style="BORDER-BOTTOM-STYLE: none; BORDER-LEFT-STYLE: none; BORDER-TOP-STYLE: none; BORDER-RIGHT-STYLE: none">Dec 13, 2007 </td>
                    </tr>
                    <tr>
                      <td style="BORDER-BOTTOM-STYLE: none; BORDER-LEFT-STYLE: none; BORDER-TOP-STYLE: none; BORDER-RIGHT-STYLE: none">FY2007 Q4 </td>
                      <td style="BORDER-BOTTOM-STYLE: none; BORDER-LEFT-STYLE: none; BORDER-TOP-STYLE: none; BORDER-RIGHT-STYLE: none">$0.10 </td>
                      <td style="BORDER-BOTTOM-STYLE: none; BORDER-LEFT-STYLE: none; BORDER-TOP-STYLE: none; BORDER-RIGHT-STYLE: none">Jun 27, 2007 </td>
                      <td style="BORDER-BOTTOM-STYLE: none; BORDER-LEFT-STYLE: none; BORDER-TOP-STYLE: none; BORDER-RIGHT-STYLE: none">Aug 14, 2007 </td>
                      <td style="BORDER-BOTTOM-STYLE: none; BORDER-LEFT-STYLE: none; BORDER-TOP-STYLE: none; BORDER-RIGHT-STYLE: none">Aug 16, 2007 </td>
                      <td style="BORDER-BOTTOM-STYLE: none; BORDER-LEFT-STYLE: none; BORDER-TOP-STYLE: none; BORDER-RIGHT-STYLE: none">Sep 13, 2007 </td>
                    </tr>
                    <tr>
                      <td style="BORDER-BOTTOM-STYLE: none; BORDER-LEFT-STYLE: none; BORDER-TOP-STYLE: none; BORDER-RIGHT-STYLE: none">FY2007 Q3 </td>
                      <td style="BORDER-BOTTOM-STYLE: none; BORDER-LEFT-STYLE: none; BORDER-TOP-STYLE: none; BORDER-RIGHT-STYLE: none">$0.10 </td>
                      <td style="BORDER-BOTTOM-STYLE: none; BORDER-LEFT-STYLE: none; BORDER-TOP-STYLE: none; BORDER-RIGHT-STYLE: none">Mar 26, 2007 </td>
                      <td style="BORDER-BOTTOM-STYLE: none; BORDER-LEFT-STYLE: none; BORDER-TOP-STYLE: none; BORDER-RIGHT-STYLE: none">May 15, 2007 </td>
                      <td style="BORDER-BOTTOM-STYLE: none; BORDER-LEFT-STYLE: none; BORDER-TOP-STYLE: none; BORDER-RIGHT-STYLE: none">May 17, 2007 </td>
                      <td style="BORDER-BOTTOM-STYLE: none; BORDER-LEFT-STYLE: none; BORDER-TOP-STYLE: none; BORDER-RIGHT-STYLE: none">Jun 14, 2007 </td>
                    </tr>
                    <tr>
                      <td style="BORDER-BOTTOM-STYLE: none; BORDER-LEFT-STYLE: none; BORDER-TOP-STYLE: none; BORDER-RIGHT-STYLE: none">FY2007 Q2 </td>
                      <td style="BORDER-BOTTOM-STYLE: none; BORDER-LEFT-STYLE: none; BORDER-TOP-STYLE: none; BORDER-RIGHT-STYLE: none">$0.10 </td>
                      <td style="BORDER-BOTTOM-STYLE: none; BORDER-LEFT-STYLE: none; BORDER-TOP-STYLE: none; BORDER-RIGHT-STYLE: none">Dec 20, 2006 </td>
                      <td style="BORDER-BOTTOM-STYLE: none; BORDER-LEFT-STYLE: none; BORDER-TOP-STYLE: none; BORDER-RIGHT-STYLE: none">Feb 13, 2007 </td>
                      <td style="BORDER-BOTTOM-STYLE: none; BORDER-LEFT-STYLE: none; BORDER-TOP-STYLE: none; BORDER-RIGHT-STYLE: none">Feb 15, 2007 </td>
                      <td style="BORDER-BOTTOM-STYLE: none; BORDER-LEFT-STYLE: none; BORDER-TOP-STYLE: none; BORDER-RIGHT-STYLE: none">Mar 8, 2007 </td>
                    </tr>
                    <tr>
                      <td style="BORDER-BOTTOM-STYLE: none; BORDER-LEFT-STYLE: none; BORDER-TOP-STYLE: none; BORDER-RIGHT-STYLE: none">FY2007 Q1 </td>
                      <td style="BORDER-BOTTOM-STYLE: none; BORDER-LEFT-STYLE: none; BORDER-TOP-STYLE: none; BORDER-RIGHT-STYLE: none">$0.10 </td>
                      <td style="BORDER-BOTTOM-STYLE: none; BORDER-LEFT-STYLE: none; BORDER-TOP-STYLE: none; BORDER-RIGHT-STYLE: none">Sep 13, 2006 </td>
                      <td style="BORDER-BOTTOM-STYLE: none; BORDER-LEFT-STYLE: none; BORDER-TOP-STYLE: none; BORDER-RIGHT-STYLE: none">Nov 14, 2006 </td>
                      <td style="BORDER-BOTTOM-STYLE: none; BORDER-LEFT-STYLE: none; BORDER-TOP-STYLE: none; BORDER-RIGHT-STYLE: none">Nov 16, 2006 </td>
                      <td style="BORDER-BOTTOM-STYLE: none; BORDER-LEFT-STYLE: none; BORDER-TOP-STYLE: none; BORDER-RIGHT-STYLE: none">Dec 14, 2006 </td>
                    </tr>
                    <tr>
                      <td style="BORDER-BOTTOM-STYLE: none; BORDER-LEFT-STYLE: none; BORDER-TOP-STYLE: none; BORDER-RIGHT-STYLE: none">FY2006 Q4 </td>
                      <td style="BORDER-BOTTOM-STYLE: none; BORDER-LEFT-STYLE: none; BORDER-TOP-STYLE: none; BORDER-RIGHT-STYLE: none">$0.09 </td>
                      <td style="BORDER-BOTTOM-STYLE: none; BORDER-LEFT-STYLE: none; BORDER-TOP-STYLE: none; BORDER-RIGHT-STYLE: none">Jun 21, 2006 </td>
                      <td style="BORDER-BOTTOM-STYLE: none; BORDER-LEFT-STYLE: none; BORDER-TOP-STYLE: none; BORDER-RIGHT-STYLE: none">Aug 15, 2006 </td>
                      <td style="BORDER-BOTTOM-STYLE: none; BORDER-LEFT-STYLE: none; BORDER-TOP-STYLE: none; BORDER-RIGHT-STYLE: none">Aug 17, 2006 </td>
                      <td style="BORDER-BOTTOM-STYLE: none; BORDER-LEFT-STYLE: none; BORDER-TOP-STYLE: none; BORDER-RIGHT-STYLE: none">Sep 14, 2006 </td>
                    </tr>
                    <tr>
                      <td style="BORDER-BOTTOM-STYLE: none; BORDER-LEFT-STYLE: none; BORDER-TOP-STYLE: none; BORDER-RIGHT-STYLE: none">FY2006 Q3 </td>
                      <td style="BORDER-BOTTOM-STYLE: none; BORDER-LEFT-STYLE: none; BORDER-TOP-STYLE: none; BORDER-RIGHT-STYLE: none">$0.09 </td>
                      <td style="BORDER-BOTTOM-STYLE: none; BORDER-LEFT-STYLE: none; BORDER-TOP-STYLE: none; BORDER-RIGHT-STYLE: none">Mar 27, 2006 </td>
                      <td style="BORDER-BOTTOM-STYLE: none; BORDER-LEFT-STYLE: none; BORDER-TOP-STYLE: none; BORDER-RIGHT-STYLE: none">May 15, 2006 </td>
                      <td style="BORDER-BOTTOM-STYLE: none; BORDER-LEFT-STYLE: none; BORDER-TOP-STYLE: none; BORDER-RIGHT-STYLE: none">May 17, 2006 </td>
                      <td style="BORDER-BOTTOM-STYLE: none; BORDER-LEFT-STYLE: none; BORDER-TOP-STYLE: none; BORDER-RIGHT-STYLE: none">Jun 8, 2006 </td>
                    </tr>
                    <tr>
                      <td style="BORDER-BOTTOM-STYLE: none; BORDER-LEFT-STYLE: none; BORDER-TOP-STYLE: none; BORDER-RIGHT-STYLE: none">FY2006 Q2 </td>
                      <td style="BORDER-BOTTOM-STYLE: none; BORDER-LEFT-STYLE: none; BORDER-TOP-STYLE: none; BORDER-RIGHT-STYLE: none">$0.09 </td>
                      <td style="BORDER-BOTTOM-STYLE: none; BORDER-LEFT-STYLE: none; BORDER-TOP-STYLE: none; BORDER-RIGHT-STYLE: none">Dec 14, 2005 </td>
                      <td style="BORDER-BOTTOM-STYLE: none; BORDER-LEFT-STYLE: none; BORDER-TOP-STYLE: none; BORDER-RIGHT-STYLE: none">Feb 15, 2006 </td>
                      <td style="BORDER-BOTTOM-STYLE: none; BORDER-LEFT-STYLE: none; BORDER-TOP-STYLE: none; BORDER-RIGHT-STYLE: none">Feb 17, 2006 </td>
                      <td style="BORDER-BOTTOM-STYLE: none; BORDER-LEFT-STYLE: none; BORDER-TOP-STYLE: none; BORDER-RIGHT-STYLE: none">Mar 9, 2006 </td>
                    </tr>
                    <tr>
                      <td style="BORDER-BOTTOM-STYLE: none; BORDER-LEFT-STYLE: none; BORDER-TOP-STYLE: none; BORDER-RIGHT-STYLE: none">FY2006 Q1 </td>
                      <td style="BORDER-BOTTOM-STYLE: none; BORDER-LEFT-STYLE: none; BORDER-TOP-STYLE: none; BORDER-RIGHT-STYLE: none">$0.08 </td>
                      <td style="BORDER-BOTTOM-STYLE: none; BORDER-LEFT-STYLE: none; BORDER-TOP-STYLE: none; BORDER-RIGHT-STYLE: none">Sep 22, 2005 </td>
                      <td style="BORDER-BOTTOM-STYLE: none; BORDER-LEFT-STYLE: none; BORDER-TOP-STYLE: none; BORDER-RIGHT-STYLE: none">Nov 15, 2005 </td>
                      <td style="BORDER-BOTTOM-STYLE: none; BORDER-LEFT-STYLE: none; BORDER-TOP-STYLE: none; BORDER-RIGHT-STYLE: none">Nov 17, 2005 </td>
                      <td style="BORDER-BOTTOM-STYLE: none; BORDER-LEFT-STYLE: none; BORDER-TOP-STYLE: none; BORDER-RIGHT-STYLE: none">Dec 8, 2005 </td>
                    </tr>
                    <tr>
                      <td style="BORDER-BOTTOM-STYLE: none; BORDER-LEFT-STYLE: none; BORDER-TOP-STYLE: none; BORDER-RIGHT-STYLE: none">FY2005 Q4 </td>
                      <td style="BORDER-BOTTOM-STYLE: none; BORDER-LEFT-STYLE: none; BORDER-TOP-STYLE: none; BORDER-RIGHT-STYLE: none">$0.08 </td>
                      <td style="BORDER-BOTTOM-STYLE: none; BORDER-LEFT-STYLE: none; BORDER-TOP-STYLE: none; BORDER-RIGHT-STYLE: none">Jun 15, 2005 </td>
                      <td style="BORDER-BOTTOM-STYLE: none; BORDER-LEFT-STYLE: none; BORDER-TOP-STYLE: none; BORDER-RIGHT-STYLE: none">Aug 15, 2005 </td>
                      <td style="BORDER-BOTTOM-STYLE: none; BORDER-LEFT-STYLE: none; BORDER-TOP-STYLE: none; BORDER-RIGHT-STYLE: none">Aug 17, 2005 </td>
                      <td style="BORDER-BOTTOM-STYLE: none; BORDER-LEFT-STYLE: none; BORDER-TOP-STYLE: none; BORDER-RIGHT-STYLE: none">Sep 08, 2005 </td>
                    </tr>
                    <tr>
                      <td style="BORDER-BOTTOM-STYLE: none; BORDER-LEFT-STYLE: none; BORDER-TOP-STYLE: none; BORDER-RIGHT-STYLE: none">FY2005 Q3 </td>
                      <td style="BORDER-BOTTOM-STYLE: none; BORDER-LEFT-STYLE: none; BORDER-TOP-STYLE: none; BORDER-RIGHT-STYLE: none">$0.08 </td>
                      <td style="BORDER-BOTTOM-STYLE: none; BORDER-LEFT-STYLE: none; BORDER-TOP-STYLE: none; BORDER-RIGHT-STYLE: none">Mar 23, 2005 </td>
                      <td style="BORDER-BOTTOM-STYLE: none; BORDER-LEFT-STYLE: none; BORDER-TOP-STYLE: none; BORDER-RIGHT-STYLE: none">May 16, 2005 </td>
                      <td style="BORDER-BOTTOM-STYLE: none; BORDER-LEFT-STYLE: none; BORDER-TOP-STYLE: none; BORDER-RIGHT-STYLE: none">May 18, 2005 </td>
                      <td style="BORDER-BOTTOM-STYLE: none; BORDER-LEFT-STYLE: none; BORDER-TOP-STYLE: none; BORDER-RIGHT-STYLE: none">Jun 09, 2005 </td>
                    </tr>
                    <tr>
                      <td style="BORDER-BOTTOM-STYLE: none; BORDER-LEFT-STYLE: none; BORDER-TOP-STYLE: none; BORDER-RIGHT-STYLE: none">FY2005 Q2 </td>
                      <td style="BORDER-BOTTOM-STYLE: none; BORDER-LEFT-STYLE: none; BORDER-TOP-STYLE: none; BORDER-RIGHT-STYLE: none">$0.08 </td>
                      <td style="BORDER-BOTTOM-STYLE: none; BORDER-LEFT-STYLE: none; BORDER-TOP-STYLE: none; BORDER-RIGHT-STYLE: none">Dec 08, 2004 </td>
                      <td style="BORDER-BOTTOM-STYLE: none; BORDER-LEFT-STYLE: none; BORDER-TOP-STYLE: none; BORDER-RIGHT-STYLE: none">Feb 15, 2005 </td>
                      <td style="BORDER-BOTTOM-STYLE: none; BORDER-LEFT-STYLE: none; BORDER-TOP-STYLE: none; BORDER-RIGHT-STYLE: none">Feb 17, 2005 </td>
                      <td style="BORDER-BOTTOM-STYLE: none; BORDER-LEFT-STYLE: none; BORDER-TOP-STYLE: none; BORDER-RIGHT-STYLE: none">Mar 10, 2005 </td>
                    </tr>
                    <tr>
                      <td style="BORDER-BOTTOM-STYLE: none; BORDER-LEFT-STYLE: none; BORDER-TOP-STYLE: none; BORDER-RIGHT-STYLE: none">FY2005 Q1 </td>
                      <td style="BORDER-BOTTOM-STYLE: none; BORDER-LEFT-STYLE: none; BORDER-TOP-STYLE: none; BORDER-RIGHT-STYLE: none">$0.08 </td>
                      <td style="BORDER-BOTTOM-STYLE: none; BORDER-LEFT-STYLE: none; BORDER-TOP-STYLE: none; BORDER-RIGHT-STYLE: none">Sep 15, 2004 </td>
                      <td style="BORDER-BOTTOM-STYLE: none; BORDER-LEFT-STYLE: none; BORDER-TOP-STYLE: none; BORDER-RIGHT-STYLE: none">Nov 15, 2004 </td>
                      <td style="BORDER-BOTTOM-STYLE: none; BORDER-LEFT-STYLE: none; BORDER-TOP-STYLE: none; BORDER-RIGHT-STYLE: none">Nov 17, 2004 </td>
                      <td style="BORDER-BOTTOM-STYLE: none; BORDER-LEFT-STYLE: none; BORDER-TOP-STYLE: none; BORDER-RIGHT-STYLE: none">Dec 02, 2004 </td>
                    </tr>
                    <tr>
                      <td style="BORDER-BOTTOM-STYLE: none; BORDER-LEFT-STYLE: none; BORDER-TOP-STYLE: none; BORDER-RIGHT-STYLE: none">Special </td>
                      <td style="BORDER-BOTTOM-STYLE: none; BORDER-LEFT-STYLE: none; BORDER-TOP-STYLE: none; BORDER-RIGHT-STYLE: none">$3.00 </td>
                      <td style="BORDER-BOTTOM-STYLE: none; BORDER-LEFT-STYLE: none; BORDER-TOP-STYLE: none; BORDER-RIGHT-STYLE: none">Jul 20, 2004 </td>
                      <td style="BORDER-BOTTOM-STYLE: none; BORDER-LEFT-STYLE: none; BORDER-TOP-STYLE: none; BORDER-RIGHT-STYLE: none">Nov 15, 2004 </td>
                      <td style="BORDER-BOTTOM-STYLE: none; BORDER-LEFT-STYLE: none; BORDER-TOP-STYLE: none; BORDER-RIGHT-STYLE: none">Nov 17, 2004 </td>
                      <td style="BORDER-BOTTOM-STYLE: none; BORDER-LEFT-STYLE: none; BORDER-TOP-STYLE: none; BORDER-RIGHT-STYLE: none">Dec 02, 2004 </td>
                    </tr>
                    <tr>
                      <td style="BORDER-BOTTOM-STYLE: none; BORDER-LEFT-STYLE: none; BORDER-TOP-STYLE: none; BORDER-RIGHT-STYLE: none">FY2004 Q4 </td>
                      <td style="BORDER-BOTTOM-STYLE: none; BORDER-LEFT-STYLE: none; BORDER-TOP-STYLE: none; BORDER-RIGHT-STYLE: none">$0.08 </td>
                      <td style="BORDER-BOTTOM-STYLE: none; BORDER-LEFT-STYLE: none; BORDER-TOP-STYLE: none; BORDER-RIGHT-STYLE: none">Jul 20, 2004 </td>
                      <td style="BORDER-BOTTOM-STYLE: none; BORDER-LEFT-STYLE: none; BORDER-TOP-STYLE: none; BORDER-RIGHT-STYLE: none">Aug 23, 2004 </td>
                      <td style="BORDER-BOTTOM-STYLE: none; BORDER-LEFT-STYLE: none; BORDER-TOP-STYLE: none; BORDER-RIGHT-STYLE: none">Aug 25, 2004 </td>
                      <td style="BORDER-BOTTOM-STYLE: none; BORDER-LEFT-STYLE: none; BORDER-TOP-STYLE: none; BORDER-RIGHT-STYLE: none">Sep 14, 2004 </td>
                    </tr>
                  </tbody>
                </table>
              </div>
              <div xmlns="http://www.w3.org/1999/xhtml" xmlns:ns1="http://schemas.microsoft.com/office/infopath/2003/myXSD/2008-04-20T09:10:41" xmlns:dfs="http://schemas.microsoft.com/office/infopath/2003/dataFormSolution" xmlns:c="http://schemas.microsoft.com/Csp/Content" xmlns:xhtml="http://www.w3.org/1999/xhtml" xmlns:xsi="http://www.w3.org/2001/XMLSchema-instance" xmlns:ns2="http://schemas.microsoft.com/office/infopath/2003/myXSD/2010-03-23T02:55:36" xmlns:my="http://schemas.microsoft.com/office/infopath/2003/myXSD/2010-04-13T08:15:53" xmlns:xd="http://schemas.microsoft.com/office/infopath/2003">
                <br />
                <div>
                  <strong>Annual Dividend</strong>
                </div>
              </div>
              <div xmlns="http://www.w3.org/1999/xhtml" xmlns:ns1="http://schemas.microsoft.com/office/infopath/2003/myXSD/2008-04-20T09:10:41" xmlns:dfs="http://schemas.microsoft.com/office/infopath/2003/dataFormSolution" xmlns:c="http://schemas.microsoft.com/Csp/Content" xmlns:xhtml="http://www.w3.org/1999/xhtml" xmlns:xsi="http://www.w3.org/2001/XMLSchema-instance" xmlns:ns2="http://schemas.microsoft.com/office/infopath/2003/myXSD/2010-03-23T02:55:36" xmlns:my="http://schemas.microsoft.com/office/infopath/2003/myXSD/2010-04-13T08:15:53" xmlns:xd="http://schemas.microsoft.com/office/infopath/2003">
                <table style="BORDER-BOTTOM-STYLE: none; BORDER-LEFT-STYLE: none; BORDER-TOP-STYLE: none; BORDER-RIGHT-STYLE: none" class="FAQ_layout_table_inline msoUcTable" tabIndex="-1" border="0" cellspacing="1" cellpadding="0">
                  <colgroup>
                    <col style="WIDTH: 72px" />
                    <col style="WIDTH: 65px" />
                    <col style="WIDTH: 118px" />
                    <col style="WIDTH: 96px" />
                    <col style="WIDTH: 96px" />
                    <col style="WIDTH: 105px" />
                  </colgroup>
                  <tbody>
                    <tr>
                      <td style="BORDER-BOTTOM-STYLE: none; BORDER-LEFT-STYLE: none; BORDER-TOP-STYLE: none; BORDER-RIGHT-STYLE: none">
                        <div align="center">
                          <strong>Dividend <br />Period </strong>
                        </div>
                      </td>
                      <td style="BORDER-BOTTOM-STYLE: none; BORDER-LEFT-STYLE: none; BORDER-TOP-STYLE: none; BORDER-RIGHT-STYLE: none">
                        <div align="center">
                          <strong>Amount </strong>
                        </div>
                      </td>
                      <td style="BORDER-BOTTOM-STYLE: none; BORDER-LEFT-STYLE: none; BORDER-TOP-STYLE: none; BORDER-RIGHT-STYLE: none">
                        <div align="center">
                          <strong>Announcement <br />Date </strong>
                        </div>
                      </td>
                      <td style="BORDER-BOTTOM-STYLE: none; BORDER-LEFT-STYLE: none; BORDER-TOP-STYLE: none; BORDER-RIGHT-STYLE: none">
                        <div align="center">
                          <strong>Ex-dividend <br />Date </strong>
                        </div>
                      </td>
                      <td style="BORDER-BOTTOM-STYLE: none; BORDER-LEFT-STYLE: none; BORDER-TOP-STYLE: none; BORDER-RIGHT-STYLE: none">
                        <div align="center">
                          <strong>Record Date </strong>
                        </div>
                      </td>
                      <td style="BORDER-BOTTOM-STYLE: none; BORDER-LEFT-STYLE: none; BORDER-TOP-STYLE: none; BORDER-RIGHT-STYLE: none">
                        <div align="center">
                          <strong>Payable Date </strong>
                        </div>
                      </td>
                    </tr>
                  </tbody>
                  <tbody>
                    <tr>
                      <td style="BORDER-BOTTOM-STYLE: none; BORDER-LEFT-STYLE: none; BORDER-TOP-STYLE: none; BORDER-RIGHT-STYLE: none">2003 </td>
                      <td style="BORDER-BOTTOM-STYLE: none; BORDER-LEFT-STYLE: none; BORDER-TOP-STYLE: none; BORDER-RIGHT-STYLE: none">$0.08 </td>
                      <td style="BORDER-BOTTOM-STYLE: none; BORDER-LEFT-STYLE: none; BORDER-TOP-STYLE: none; BORDER-RIGHT-STYLE: none">Jan 16, 2003 </td>
                      <td style="BORDER-BOTTOM-STYLE: none; BORDER-LEFT-STYLE: none; BORDER-TOP-STYLE: none; BORDER-RIGHT-STYLE: none">Feb 19, 2003 </td>
                      <td style="BORDER-BOTTOM-STYLE: none; BORDER-LEFT-STYLE: none; BORDER-TOP-STYLE: none; BORDER-RIGHT-STYLE: none">Feb 21, 2003 </td>
                      <td style="BORDER-BOTTOM-STYLE: none; BORDER-LEFT-STYLE: none; BORDER-TOP-STYLE: none; BORDER-RIGHT-STYLE: none">Mar 7, 2003 </td>
                    </tr>
                    <tr>
                      <td style="BORDER-BOTTOM-STYLE: none; BORDER-LEFT-STYLE: none; BORDER-TOP-STYLE: none; BORDER-RIGHT-STYLE: none">2004 </td>
                      <td style="BORDER-BOTTOM-STYLE: none; BORDER-LEFT-STYLE: none; BORDER-TOP-STYLE: none; BORDER-RIGHT-STYLE: none">$0.16 </td>
                      <td style="BORDER-BOTTOM-STYLE: none; BORDER-LEFT-STYLE: none; BORDER-TOP-STYLE: none; BORDER-RIGHT-STYLE: none">Sep 12, 2003 </td>
                      <td style="BORDER-BOTTOM-STYLE: none; BORDER-LEFT-STYLE: none; BORDER-TOP-STYLE: none; BORDER-RIGHT-STYLE: none">Oct 15, 2003 </td>
                      <td style="BORDER-BOTTOM-STYLE: none; BORDER-LEFT-STYLE: none; BORDER-TOP-STYLE: none; BORDER-RIGHT-STYLE: none">Oct 17, 2003 </td>
                      <td style="BORDER-BOTTOM-STYLE: none; BORDER-LEFT-STYLE: none; BORDER-TOP-STYLE: none; BORDER-RIGHT-STYLE: none">Nov 7, 2003 </td>
                    </tr>
                  </tbody>
                </table>
              </div>
              <div xmlns="http://www.w3.org/1999/xhtml" xmlns:ns1="http://schemas.microsoft.com/office/infopath/2003/myXSD/2008-04-20T09:10:41" xmlns:dfs="http://schemas.microsoft.com/office/infopath/2003/dataFormSolution" xmlns:c="http://schemas.microsoft.com/Csp/Content" xmlns:xhtml="http://www.w3.org/1999/xhtml" xmlns:xsi="http://www.w3.org/2001/XMLSchema-instance" xmlns:ns2="http://schemas.microsoft.com/office/infopath/2003/myXSD/2010-03-23T02:55:36" xmlns:my="http://schemas.microsoft.com/office/infopath/2003/myXSD/2010-04-13T08:15:53" xmlns:xd="http://schemas.microsoft.com/office/infopath/2003">
                <div style="POSITION: relative">
                  <!--<div xmlns="http://www.w3.org/1999/xhtml" class="StockHistoryBottom_row">
                    <div xmlns="http://www.w3.org/1999/xhtml" class="StockHistoryDivBottomLeft">
                    </div>
                    <div xmlns="http://www.w3.org/1999/xhtml" class="StockHistoryDivBottomRight">
                    </div>
                  </div>
                  <div xmlns="http://www.w3.org/1999/xhtml" class="StockHistoryHeader_row">
                    <div xmlns="http://www.w3.org/1999/xhtml" class="StockHistoryDivTopLeft">
                    </div>
                    <div xmlns="http://www.w3.org/1999/xhtml" class="StockHistoryDivTopRight">
                    </div>
                  </div>-->
                </div>
              </div>
            </Answer>
          </QuestionAndAnswer>
        </QuestionAndAnswers>
      </QuestionAndAnswerBody>
    </Content>
    <Content type="item">
      <ContentTitle>Stock Information</ContentTitle>
      <HtmlBody />
      <ListItemBody>
        <Icon />
        <ListItems>
          <ListItem>
            <Text>Microsoft stock</Text>
            <Target>_self</Target>
            <Url>http://www.microsoft.com/investor/InvestorServices/FAQ/default.aspx#section_1</Url>
          </ListItem>
        </ListItems>
      </ListItemBody>
      <HtmlAndListItemBody>
        <Icon />
        <HtmlContent />
        <ListItems>
          <ListItem>
            <Text></Text>
            <Target>_blank</Target>
            <Url />
          </ListItem>
        </ListItems>
      </HtmlAndListItemBody>
      <QuestionAndAnswerBody>
        <Icon />
        <QuestionAndAnswers>
          <QuestionAndAnswer>
            <Question></Question>
            <Answer />
          </QuestionAndAnswer>
        </QuestionAndAnswers>
      </QuestionAndAnswerBody>
    </Content>
    <Content type="html">
      <ContentTitle>Microsoft Stock Split Information</ContentTitle>
      <HtmlBody>
        <div xmlns="http://www.w3.org/1999/xhtml" xmlns:ns1="http://schemas.microsoft.com/office/infopath/2003/myXSD/2008-04-20T09:10:41" xmlns:dfs="http://schemas.microsoft.com/office/infopath/2003/dataFormSolution" xmlns:c="http://schemas.microsoft.com/Csp/Content" xmlns:xhtml="http://www.w3.org/1999/xhtml" xmlns:xsi="http://www.w3.org/2001/XMLSchema-instance" xmlns:ns2="http://schemas.microsoft.com/office/infopath/2003/myXSD/2010-03-23T02:55:36" xmlns:my="http://schemas.microsoft.com/office/infopath/2003/myXSD/2010-04-13T08:15:53" xmlns:xd="http://schemas.microsoft.com/office/infopath/2003">
          <div class="indent">
            <div class="nomargin">
              <a href="http://www.microsoft.com/investor/Downloads/Stock%20Information/msftpricehist.xls">Microsoft Pre-Split and Post-Split Closing Stock Prices </a>
              <br />(472 KB Microsoft Excel file)<br />View the history of closing stock prices by week, both adjusted for all stock splits (the post-split price) and not adjusted for any stock splits (the pre-split price). </div>
            <div class="nomargin"> </div>
            <div>
              <a href="http://www.microsoft.com/presspass/press/2003/jan03/01-16ds.mspx" target="_blank">Microsoft 2-for-1 Common Stock Split </a>
            </div>
            <div> </div>
            <div>
              <a href="../../InvestorServices/FAQ/default.aspx#section_4">Answers to Frequently Asked Questions </a>about the ninth common stock split effective February 18, 2003. </div>
            <div> </div>
            <div>
              <a href="http://moneycentral.msn.com/investor/charts/chartdl.aspx?C2=3&amp;C1=0&amp;Symbol=MSFT&amp;CP=0&amp;PT=9" target="_blank">Microsoft Monthly Closing Stock Price: five-year view </a>
              <br />Other views available as well as more Microsoft stock information. </div>
          </div>
        </div>
      </HtmlBody>
      <ListItemBody>
        <Icon />
        <ListItems>
          <ListItem>
            <Text></Text>
            <Target>_blank</Target>
            <Url />
          </ListItem>
        </ListItems>
      </ListItemBody>
      <HtmlAndListItemBody>
        <Icon />
        <HtmlContent />
        <ListItems>
          <ListItem>
            <Text></Text>
            <Target>_blank</Target>
            <Url />
          </ListItem>
        </ListItems>
      </HtmlAndListItemBody>
      <QuestionAndAnswerBody>
        <Icon />
        <QuestionAndAnswers>
          <QuestionAndAnswer>
            <Question></Question>
            <Answer />
          </QuestionAndAnswer>
        </QuestionAndAnswers>
      </QuestionAndAnswerBody>
    </Content>
    <Content type="htmlanditem">
      <ContentTitle>IPO Investment Results</ContentTitle>
      <HtmlBody />
      <ListItemBody>
        <Icon>http://www.microsoft.com/global/investor/PublishingImages/ICON/ICON_Excel.png</Icon>
        <ListItems>
          <ListItem>
            <Text></Text>
            <Target>_blank</Target>
            <Url />
          </ListItem>
        </ListItems>
      </ListItemBody>
      <HtmlAndListItemBody>
        <Icon>http://www.microsoft.com/global/investor/PublishingImages/ICON/ICON_Excel.png</Icon>
        <HtmlContent>Interested in the value of your investment in Microsoft's initial public offering? Here are 3 Microsoft Office Excel tools you can download to help you find out. </HtmlContent>
        <ListItems>
          <ListItem>
            <Text>Total return on dollar amount invested in the initial public offering (Excel - 23 KB)</Text>
            <Target>_blank</Target>
            <Url>http://www.microsoft.com/investor/Downloads/Stock Information/IPOROIcalc.xls</Url>
          </ListItem>
          <ListItem>
            <Text>Value of Microsoft shares today based on number of shares purchased in the initial public offering (Excel - 32 KB)</Text>
            <Target>_blank</Target>
            <Url>http://www.microsoft.com/investor/Downloads/Stock Information/IPOsharecalc.xls</Url>
          </ListItem>
          <ListItem>
            <Text>Value of Microsoft shares today based on dollar amount invested in the initial public offering (Excel - 23 KB)</Text>
            <Target>_blank</Target>
            <Url>http://www.microsoft.com/investor/Downloads/Stock Information/IPOmoneycalc.xls</Url>
          </ListItem>
        </ListItems>
      </HtmlAndListItemBody>
      <QuestionAndAnswerBody>
        <Icon />
        <QuestionAndAnswers>
          <QuestionAndAnswer>
            <Question></Question>
            <Answer />
          </QuestionAndAnswer>
        </QuestionAndAnswers>
      </QuestionAndAnswerBody>
    </Content>
  </StockSplitContents>
</IRStockSplit>